IMF1,IMF2,IMF3,IMF4,IMF5,IMF6,IMF7,IMF8
-65.22171442,-2.128540577,11.5265855,-101.1163726,-52.31558586,139.4740791,164.5665235,2203.968025
-86.09859913,-2.605509402,11.94521182,-102.7509057,-52.87296333,140.6805975,164.968986,2203.118182
-73.19183465,1.190013988,7.183625962,-100.8624526,-53.29920592,141.9355516,165.3721143,2202.273187
2.104828647,5.348920067,0.11209846,-95.84465838,-53.59907826,143.2388641,165.7759733,2201.433052
78.68475208,5.665783401,-6.306945182,-88.28430667,-53.77856219,144.5898627,166.1806276,2200.597788
66.13854264,0.4413533,-10.558206,-78.91147496,-53.84291624,145.9871518,166.586142,2199.767407
63.59578999,-7.463921671,-12.05664147,-68.42266618,-53.79693693,147.4288737,166.9925814,2198.941921
15.55032943,-14.11564598,-10.47937213,-57.41041288,-53.645246,148.912996,167.4000104,2198.121341
-48.96000372,-15.22952973,-5.907733869,-46.41292659,-53.39244028,150.4374614,167.8084939,2197.305679
39.54098058,-7.031068533,0.380947103,-35.95999772,-53.04311662,152.0002125,168.2180966,2196.494946
-30.28187148,7.117848,6.619082385,-26.58141671,-52.60187186,153.5991922,168.6288832,2195.689154
-9.945954304,19.02831289,10.98634159,-18.80697396,-52.07330285,155.232343,169.0409186,2194.888315
16.26739712,20.3403597,11.53998037,-13.04404594,-51.46200643,156.8976077,169.4542675,2194.09244
-13.440031,5.475261059,6.850424898,-9.156539871,-50.77257943,158.5929289,169.8689948,2193.301541
13.91667684,-15.47039873,-0.620584095,-6.673118504,-50.00961871,160.3162493,170.285165,2192.515629
-16.97214756,-16.88209143,-7.398788652,-5.07832206,-49.1777211,162.0655116,170.7028431,2191.734716
24.65951688,-1.604790747,-10.61966995,-3.835138929,-48.28148345,163.8386585,171.1220938,2190.958814
25.97332181,12.25564822,-9.85395219,-2.324063693,-47.3255026,165.6336327,171.5429818,2190.187934
17.01578487,10.14806454,-5.324086377,-0.039424277,-46.31437539,167.4483769,171.9655719,2189.422088
-31.72585895,-0.379314575,1.805537938,3.174284456,-45.25269866,169.2808338,172.389929,2188.661287
31.6297914,-6.509827843,8.022121734,7.388376985,-44.14506927,171.128946,172.8161177,2187.905543
21.30406472,-5.425737878,10.28486213,12.67416779,-42.99608404,172.9906562,173.2442028,2187.154868
12.75820004,-0.017221522,8.680976623,19.06495497,-41.81033983,174.8639072,173.6742492,2186.409273
-0.397013884,5.803300957,4.24453959,26.40087342,-40.59243347,176.7466416,174.1063214,2185.66877
-16.48951295,7.22351251,-1.68555925,34.29486419,-39.34696181,178.636802,174.5404845,2184.933371
12.11670753,1.07707298,-7.460622261,42.24014286,-38.07852168,180.5323313,174.976803,2184.203086
1.280595183,-7.633309042,-11.9110064,49.80498799,-36.79170995,182.431172,175.4153418,2183.477928
0.811556233,-13.74887269,-14.10401688,56.67311546,-35.49112343,184.3312669,175.8561656,2182.757909
-4.989493488,-13.89588768,-13.47345275,62.67325599,-34.18135899,186.2305587,176.2993393,2182.043039
-2.555769333,-5.641190459,-10.47392361,67.78564877,-32.86701345,188.12699,176.7449275,2181.333331
6.943934861,8.03100962,-5.809007054,72.02245237,-31.55268367,190.0185035,177.192995,2180.628795
-9.926142947,21.73547141,-0.182280692,75.39582536,-30.24296649,191.9030419,177.6436067,2179.929445
13.74356273,28.48462625,5.702677876,77.91792632,-28.94245874,193.778548,178.0968273,2179.23529
11.14101553,29.6025073,11.14229105,79.60091381,-27.65575727,195.6429643,178.5527215,2178.546344
10.47373797,27.94575718,15.60581293,80.4569464,-26.38745893,197.4942336,179.0113541,2177.862617
-21.89519682,25.44114103,19.25382442,80.49766764,-25.14164552,199.3302986,179.4727898,2177.184121
-25.1198991,22.63577573,22.41973814,79.73156001,-23.91923779,201.1491019,179.9370936,2176.510868
24.38779098,15.4857826,25.41869214,78.16218713,-22.71623766,202.9485862,180.40433,2175.842869
20.25447529,-1.095060787,28.49272617,75.7920117,-21.52754607,204.7266943,180.874564,2175.180135
-5.632662274,-19.80828429,31.86560541,72.62400545,-20.34857304,206.4813688,181.3478602,2174.52268
-16.10354203,-30.04431357,35.76109506,68.66317634,-19.1767648,208.2105524,181.8242834,2173.870513
8.013576981,-23.66298877,40.09571351,63.9150414,-18.01007664,209.9121878,182.3038984,2173.223647
14.65508081,-2.401807951,43.55424932,58.38786031,-16.84646385,211.5842177,182.78677,2172.582094
-16.97339471,22.01172781,44.4864471,52.11768991,-15.68388172,213.2245847,183.2729629,2171.945864
20.34972927,18.38005473,41.74241517,45.21234307,-14.52028553,214.8312316,183.7625419,2171.31497
-22.83275021,-4.295088252,36.43708374,37.80328981,-13.35363056,216.402101,184.2555717,2170.689423
-22.44337052,-12.86474748,30.2557951,30.0237078,-12.18187212,217.9351357,184.7521172,2170.069234
16.23422372,-2.639846775,24.78687622,22.00677473,-11.00296548,219.4282783,185.2522431,2169.454416
19.86516821,9.230240084,21.36632375,13.88566826,-9.814865931,220.8794714,185.7560142,2168.84498
-16.89028174,6.441390266,20.92476376,5.793566068,-8.615528766,222.2866579,186.2634952,2168.240937
4.114565502,-5.594367513,20.74723445,-2.136354163,-7.402909269,223.6477804,186.7747509,2167.6423
13.19237854,-9.139778777,16.3405713,-9.770914761,-6.174962729,224.9607815,187.2898461,2167.049079
-14.28377892,3.092776858,5.543848758,-16.97693805,-4.929644433,226.2236039,187.8088455,2166.461286
1.435795802,11.02000168,-11.37257957,-23.62124635,-3.664909668,227.4341905,188.3318139,2165.878934
20.71631068,7.75431501,-32.12958244,-29.57066199,-2.378713723,228.5904837,188.8588161,2165.302033
-15.74709591,-5.414014559,-51.98880827,-34.69200729,-1.069011885,229.6904264,189.3899168,2164.730595
-24.4781761,-12.97215972,-65.66357366,-38.85210457,0.266240559,230.7319611,189.9251809,2164.164631
-18.75406804,-2.536066481,-69.30403593,-41.91777617,1.62908832,231.7130307,190.464673,2163.604155
20.32862596,11.35614607,-64.76758212,-43.79658363,3.022182352,232.6315778,191.008458,2163.049176
15.5078988,12.07660431,-55.18790799,-44.55904545,4.45059857,233.485545,191.5566006,2162.499706
-12.37095822,1.167320495,-43.59176056,-44.31547706,5.919076817,234.272875,192.1091656,2161.955758
10.18600207,-10.99061203,-32.73862386,-43.17158934,7.427752417,234.9915107,192.6662177,2161.417342
-10.43486545,-2.415989169,-24.60850034,-41.22880987,8.972477368,235.6393945,193.2278218,2160.884471
15.24883971,11.19168432,-18.33072921,-38.58773097,10.54826842,236.2144693,193.7940425,2160.357156
15.34388848,10.09677501,-12.70289148,-35.34894496,12.15014231,236.7146776,194.3649448,2159.835408
14.61492426,-6.10494797,-8.023843139,-31.61304416,13.7731158,237.1379623,194.9405932,2159.31924
-17.95810346,-15.08512968,-4.817332106,-27.48062089,15.41220562,237.4822659,195.5210526,2158.808662
16.42017558,0.443958878,-3.121901131,-23.05226746,17.06242853,237.7455313,196.1063878,2158.303687
-13.5118697,18.97455823,-2.123603148,-18.42857621,18.71880127,237.9257009,196.6966635,2157.804325
10.7555452,17.59619551,-0.802193262,-13.71013945,20.37634058,238.0207177,197.2919446,2157.310589
-8.483528242,6.949888688,1.795815581,-8.997549499,22.03006321,238.0285191,197.8923007,2156.82249
-8.711743088,-4.700250486,6.209521213,-4.391398676,23.67498592,237.9470276,198.4978169,2156.340041
10.50928765,-15.46852377,12.88939492,0.007720697,25.30612544,237.7742037,199.1085404,2155.863251
10.60796628,-25.11895512,22.35561487,4.099216301,26.91849852,237.5081102,199.7244156,2155.392133
-11.96205091,-25.15462619,34.56516292,7.782495816,28.5071219,237.1468346,200.3453625,2154.926699
12.95409752,-9.770331663,47.15252885,10.95696692,30.06701234,236.6884642,200.9713012,2154.466961
-13.37448347,10.85951331,57.17157937,13.5220373,31.59318658,236.1310865,201.6021518,2154.012929
-6.366114497,20.83591911,61.67618122,15.37711462,33.08066137,235.4727888,202.2378344,2153.564615
-0.850924659,18.43940515,58.50088209,16.4522251,34.52445345,234.7116585,202.878269,2153.122031
11.75325531,5.985994558,48.60295352,16.79986898,35.91957957,233.8457831,203.5233758,2152.685189
-10.63036326,-8.64063111,33.72034803,16.50414589,37.26007562,232.8732498,204.1730747,2152.2541
9.591474678,-10.60583398,15.59101815,15.65349894,38.53563401,231.7921461,204.8272858,2151.828776
-0.368190777,-0.563992638,-3.718852242,14.33869662,39.73362178,230.6005593,205.4859292,2151.409229
-9.978952177,6.410221477,-20.83015372,12.64958415,40.84232924,229.2965769,206.148925,2150.995469
12.525878,-0.229135318,-32.7307847,10.67567089,41.8504118,227.878257,206.8161933,2150.587509
-16.6260492,-4.807013295,-39.18960054,8.50767552,42.74531279,226.3436604,207.4876541,2150.18536
21.14383243,1.138971509,-40.734706,6.241153838,43.50906215,224.6914244,208.1632274,2149.789034
-24.69572761,7.565060532,-38.14184239,3.96446676,44.12182342,222.9208432,208.8428334,2149.398543
-14.60449405,8.185019614,-32.22264542,1.73785939,44.56349832,221.0314729,209.5263921,2149.013897
26.95423714,2.116519171,-23.86672371,-0.364823583,44.81395458,219.0229036,210.2138237,2148.635109
21.59933216,-9.154439149,-14.22668021,-2.264236529,44.85305991,216.8947253,210.905048,2148.26219
3.994973304,-19.1367965,-4.519491182,-3.881033818,44.66049285,214.6467174,211.5999853,2147.895153
-22.02182806,-20.18954129,4.123085315,-5.135869819,44.2151116,212.2794795,212.2985556,2147.534007
3.768106378,-7.566505092,10.96796742,-5.949398902,43.49528224,209.7941033,213.000679,2147.178766
18.11362277,13.17738147,15.59850449,-6.246101308,42.48286728,207.1920099,213.7062755,2146.82944
-8.382591988,32.39954377,17.65553494,-5.967252995,41.176502,204.4749577,214.4152651,2146.486041
-16.5021558,34.17133735,16.9442623,-5.078172059,39.58580116,201.6447772,215.1275681,2146.148582
16.52285904,8.040131704,13.98011423,-3.630766726,37.72218597,198.7032989,215.8431044,2145.817073
-16.68752937,-25.42193617,9.636341481,-1.803626196,35.59707761,195.6523532,216.5617941,2145.491525
7.675564673,-42.03553874,4.834245054,0.19655193,33.2218973,192.4937707,217.2835573,2145.171952
16.42296298,-44.3842846,0.495125958,2.163070054,30.60806623,189.2293818,218.008314,2144.858364
4.251505659,-40.25709301,-2.614422386,3.889230574,27.76700559,185.8610171,218.7359844,2144.550772
-15.34545388,-31.95675,-4.353453148,5.166416963,24.71205552,182.390507,219.4664884,2144.249189
14.75586218,-21.94349342,-4.799353704,5.814698645,21.46423183,178.819682,220.1997462,2143.953626
-14.1426261,-5.091887116,-4.194854074,5.80975589,18.04746593,175.1503726,220.9356778,2143.664095
13.27927561,14.08723076,-2.871365048,5.21196323,14.48967569,171.3844094,221.6742033,2143.380607
-12.01237962,25.65116336,-1.175755464,4.096156619,10.81977565,167.5236227,222.4152427,2143.103174
-5.055445438,33.40012053,0.535592757,2.546685092,7.066680318,163.5698431,223.1587162,2142.831807
9.145478025,40.2748654,1.886112629,0.650275958,3.259304214,159.5249011,223.9045437,2142.566519
-8.326546202,44.24872511,2.419741332,-1.498074832,-0.573438138,155.3906271,224.6526455,2142.30732
8.322866769,32.0382326,1.796442386,-3.769925296,-4.402632221,151.1688518,225.4029414,2142.054223
6.686916959,4.564989033,0.335541534,-6.027079045,-8.199363514,146.8614054,226.1553517,2141.807238
-10.28113388,-22.60474532,-1.476727762,-8.130968247,-11.9347175,142.4701186,226.9097964,2141.566378
11.52442027,-34.92715445,-3.154132038,-9.943025074,-15.57977965,137.9968219,227.6661954,2141.331654
11.48349048,-32.54428424,-4.284781008,-11.32468169,-19.10563545,133.4433456,228.424469,2141.103077
-13.83129873,-19.91897081,-4.77670756,-12.13737028,-22.48337039,128.8115204,229.1845372,2140.88066
15.27470405,-5.747532183,-4.691445565,-12.25356706,-25.68406993,124.1031767,229.94632,2140.664414
12.84250521,6.248909167,-4.046817431,-11.61140072,-28.67942905,119.3201449,230.7097376,2140.45435
12.57914521,14.40319667,-2.753271267,-10.25303048,-31.44448646,114.4642557,231.4747099,2140.250481
8.483354346,17.5004839,-0.667219375,-8.270418695,-33.95851356,109.5373395,232.241157,2140.052817
-23.11505456,15.74507753,2.292677896,-5.75953012,-36.20476688,104.5412267,233.0089991,2139.86137
24.75782145,10.07028101,5.84232139,-2.809660328,-38.17882029,99.47774785,233.7781562,2139.676153
-24.44130043,2.202397709,9.289390458,0.470381813,-39.87932698,94.34873348,234.5485484,2139.497176
-26.70923936,-4.903588043,11.85706797,3.966139279,-41.30494014,89.15601405,235.3200956,2139.324451
-2.967985309,-8.48952108,12.7706526,7.561039258,-42.45431297,83.90142006,236.0927181,2139.157989
23.36464419,-7.924883192,11.48196909,11.13444733,-43.32609865,78.586782,236.8663358,2138.997803
25.90012475,-3.945307242,8.313052935,14.5853763,-43.9189504,73.21393035,237.6408689,2138.843904
-24.59784303,2.041884411,3.787375192,17.83386789,-44.23152139,67.78469562,238.4162374,2138.696304
-7.967854153,7.154665019,-1.575749923,20.80412069,-44.26246482,62.30090828,239.1923613,2138.555014
-2.32206112,9.342581587,-7.249024458,23.42033324,-44.010502,56.76446695,239.9691608,2138.420045
17.80218795,6.894091217,-12.72186493,25.60670413,-43.47474482,51.17766081,240.7465559,2138.29141
6.742530395,-0.486720488,-17.67030181,27.28743192,-42.65494214,45.54341602,241.5244666,2138.169119
-11.67545456,-8.131060377,-21.81901503,28.38671518,-41.55134637,39.86516229,242.3028132,2138.053186
8.743477465,-11.69480045,-24.89268449,28.82875248,-40.16444431,34.14656372,243.0815155,2137.94362
-0.290263074,-13.1459788,-26.6159901,28.53812165,-38.49565423,28.39183659,243.8604937,2137.840434
-5.283796675,-16.39610255,-26.71361176,27.44301961,-36.5501515,22.60533525,244.6396679,2137.74364
5.612395672,-22.59631834,-24.9314135,25.50239627,-34.34268046,16.79141406,245.4189581,2137.653248
-4.470900943,-24.23003889,-21.09999566,22.76516719,-31.89321468,10.95442737,246.1982844,2137.569271
-9.677719804,-21.86308147,-15.18491976,19.30221385,-29.22250958,5.09872952,246.9775668,2137.49172
12.05590536,-19.03715469,-7.613537846,15.19109999,-26.35132056,-0.771325139,247.7567255,2137.420607
-13.89083277,-18.74941649,1.046291847,10.53611851,-23.30060246,-6.651182826,248.5356805,2137.355944
-1.925684875,-13.99008144,10.2200288,5.448244566,-20.09210785,-12.53549203,249.3143518,2137.297741
15.63055173,-1.563317512,19.33313249,0.038453341,-16.74778872,-18.41870181,250.0926596,2137.246011
-1.389563734,17.54735082,27.8110624,-5.582279999,-13.28959709,-24.29526123,250.8705239,2137.200765
-15.44778171,32.55570873,35.07706737,-11.30076963,-9.73948494,-30.15961934,251.6478648,2137.162015
7.920413241,32.71444419,40.63138493,-16.99498713,-6.119404279,-36.00622521,252.4246023,2137.129772
13.36217444,18.56852204,44.33712725,-22.54069342,-2.451307104,-41.82952789,253.2006565,2137.104048
-11.3546171,0.189308433,46.23027748,-27.81364942,1.242854585,-47.62397644,253.9759475,2137.084855
8.748569079,-8.791239894,46.3875326,-32.70856996,4.941128787,-53.38401992,254.7503953,2137.072204
-6.033094001,-12.22480873,44.96185124,-37.19643147,8.621563504,-59.10410739,255.5239201,2137.066107
-3.578623868,-18.45589334,42.12693031,-41.26894873,12.26220674,-64.77868791,256.2964418,2137.066575
3.105335168,-22.34836218,38.05691285,-44.91828257,15.84110648,-70.40221053,257.0678806,2137.07362
-4.034932143,-17.03046174,32.69739081,-48.13659386,19.33631074,-75.96912432,257.8381565,2137.087254
6.547908458,-4.068086274,25.17255446,-50.91741587,22.72723993,-81.47387833,258.6071897,2137.107488
-9.638312045,8.054983939,14.83198331,-53.26072486,25.99975746,-86.91092163,259.3749,2137.134334
12.66636843,9.076112826,1.448981603,-55.17168303,29.14491267,-92.27470327,260.1412077,2137.167803
12.77082865,1.392613479,-14.53901228,-56.65640594,32.15470828,-97.55967231,260.9060328,2137.207907
-11.1527456,-3.738122338,-30.36894564,-57.72140959,35.02154741,-102.7602778,261.6692954,2137.254658
7.742922448,2.480693377,-43.04525302,-58.3749263,37.73980655,-107.8712258,262.4309155,2137.308067
-4.609134225,1.49402855,-51.42130507,-58.62604406,40.30574585,-112.8882505,263.1908133,2137.368146
4.121193036,-3.787565988,-56.77213104,-58.48375719,42.7157888,-117.8073428,263.9489086,2137.434906
-7.23285867,5.919729529,-60.41715755,-57.95627946,44.96557836,-122.6244939,264.7051218,2137.50836
12.88692219,8.708225494,-58.9247679,-57.06413881,47.05056323,-127.3356948,265.4593727,2137.588518
-8.163976022,-1.98311452,-50.48424182,-55.87789672,48.96619211,-131.9369367,266.2115816,2137.675392
-17.21334367,-13.72760535,-33.71779352,-54.48062307,50.70791372,-136.4242106,266.9616683,2137.768994
-26.4951184,-11.78575032,-7.997301454,-52.95538775,52.27117675,-140.7935077,267.7095531,2137.869336
24.83636739,7.869910713,20.81578724,-51.38526063,53.65142991,-145.0408189,268.455156,2137.976428
2.747759013,15.61949959,45.18138598,-49.85331159,54.84412192,-149.1621355,269.198397,2138.090284
-14.21628372,4.901011084,58.80652079,-48.44261051,55.8448568,-153.1536038,269.9391963,2138.210913
10.5097058,-12.43887792,60.58272876,-47.23622728,56.64985999,-157.0119915,270.6774739,2138.338328
-10.27746536,-3.360601049,51.97340725,-46.28132201,57.25551222,-160.734222,271.4131498,2138.472541
12.58596725,7.836982279,36.499783,-45.48141574,57.65830857,-164.3173325,272.1461441,2138.613563
-15.30676135,0.037032646,16.9446824,-44.70411973,57.85529029,-167.7589067,272.876377,2138.761405
-10.85671592,-4.873120176,-4.520937609,-43.81704528,57.84414467,-171.0571743,273.6037684,2138.91608
18.79639436,-1.242430167,-25.44819187,-42.68780364,57.62335166,-174.2111577,274.3282385,2139.077599
-20.13785102,5.162273148,-42.15660836,-41.1840061,57.19156719,-177.2200551,275.0497072,2139.245973
-3.671010409,2.139519563,-51.88593654,-39.17326393,56.54744716,-180.0830648,275.7680948,2139.421214
23.02121557,-5.854979742,-54.103965,-36.5231884,55.68964748,-182.7993851,276.4833212,2139.603334
16.54095522,-10.44404047,-49.04742238,-33.13251254,54.61758384,-185.3682143,277.1953065,2139.792344
-24.59925776,-6.815169348,-38.10730385,-29.02445634,53.33371107,-187.7887507,277.9039707,2139.988256
12.39339593,6.389270567,-23.39367189,-24.25336157,51.84124375,-190.0601926,278.6092341,2140.191082
22.77247256,18.66497944,-7.131389155,-18.87356997,50.14339651,-192.1817382,279.3110165,2140.400832
-20.48790478,20.30909059,8.454681693,-12.93942329,48.24338393,-194.1525859,280.0092381,2140.61752
17.22465643,16.21631985,21.50382607,-6.505263288,46.14442062,-195.9719339,280.703819,2140.841155
13.05617223,10.35245245,31.6566365,0.374568283,43.84972118,-197.6389806,281.3946793,2141.071751
-7.726994091,-1.957325095,38.97095692,7.645729673,41.36250022,-199.1529241,282.0817389,2141.309318
2.899717585,-19.16071454,43.04632274,15.25387913,38.68597234,-200.5129629,282.764918,2141.553868
-0.75546647,-30.24332797,43.35651354,23.1446749,35.82335213,-201.7182952,283.4441366,2141.805413
2.573669496,-31.24376697,39.41150276,31.2275814,32.77785421,-202.7681193,284.1193148,2142.063964
-5.892629051,-16.77436922,31.1784729,39.28056036,29.55269317,-203.6616211,284.7903603,2142.329533
7.546168394,11.70941686,19.91053551,47.09847015,26.15108362,-204.3979371,285.4571314,2142.602131
-7.604047599,31.81007637,7.173235901,54.48944182,22.57624015,-204.9761915,286.1194741,2142.881771
7.899982696,34.54734073,-5.498496089,61.26160638,18.83137738,-205.3954931,286.7772189,2143.168463
-8.733220735,30.26011633,-16.83016584,67.22309486,14.9197099,-205.6548902,287.4301359,2143.46222
3.620620435,21.17405983,-26.12978734,72.18203828,10.84445231,-205.7534039,288.077968,2143.763052
8.665369438,5.760216249,-32.84334786,75.94656767,6.608819224,-205.6900094,288.7204121,2144.070973
-7.165410648,-17.33106922,-36.41683467,78.32455765,2.216281636,-205.4636703,289.3571537,2144.385992
1.409702174,-35.67631031,-36.34393188,79.16814645,-2.326256218,-205.0733501,289.9878781,2144.708122
4.57229346,-34.80880179,-32.52149349,78.50892421,-7.000554652,-204.5180124,290.6122706,2145.037374
-5.290755645,-11.59060386,-25.75838648,76.43276213,-11.78017222,-203.7966208,291.2300165,2145.37376
7.100624176,16.82241762,-17.1350044,73.08322695,-16.63721895,-202.9081389,291.8408012,2145.717292
-2.736014651,33.5209137,-7.746526813,68.6186714,-21.54380486,-201.8515301,292.4443101,2146.067981
-10.21958878,35.22200451,1.311866724,63.19744821,-26.47203997,-200.6257582,293.0402285,2146.425839
-7.617640857,23.92890934,9.133406317,56.96602723,-31.3940343,-199.2297866,293.6282418,2146.790877
11.35733483,3.132692037,15.56496077,50.0233468,-36.28189788,-197.6625789,294.2080353,2147.163107
-12.02123867,-10.96302775,20.644309,42.45396189,-41.10774073,-195.9230987,294.7792944,2147.542541
-6.971937329,-14.27263131,24.41951888,34.33213854,-45.84367288,-194.0103096,295.3417043,2147.929189
13.10805756,-15.76389462,26.94067398,25.73012712,-50.46180433,-191.9231751,295.8949506,2148.323065
-12.11618829,-20.98984067,28.24731953,16.73071628,-54.93424512,-189.6606588,296.4387184,2148.724179
9.916040458,-22.25214207,28.35099297,7.444702514,-59.23310527,-187.2217243,296.9726932,2149.132543
-7.64515524,-23.08685705,27.22071532,-1.97460129,-63.33049481,-184.6053352,297.4965603,2149.548168
-5.62191991,-29.56179835,24.81067851,-11.35905316,-67.19852374,-181.810455,298.0100051,2149.971067
6.406218787,-31.22439558,21.07366835,-20.53910498,-70.8090507,-178.8362986,298.5127129,2150.40125
-7.598990134,-14.27033725,16.06845282,-29.34520863,-74.13292871,-175.6830868,299.004369,2150.83873
9.250631504,11.69933014,10.27772878,-37.60781597,-77.1407594,-172.3512913,299.4846589,2151.283517
-10.6352349,26.00407465,4.290175287,-45.15737889,-79.8031444,-168.8413842,299.9532678,2151.735625
11.73316371,28.73360639,-1.326842322,-51.82434925,-82.09068533,-165.1538375,300.4098812,2152.195063
4.936826106,26.00846278,-6.160031706,-57.43917895,-83.97382694,-161.28928,300.8541843,2152.661844
-8.130435103,18.94295358,-10.09268673,-61.83231985,-85.42212922,-157.2492252,301.2858625,2153.13598
-16.11130332,7.301702721,-13.0769194,-64.83219884,-86.4053742,-153.0369899,301.7046011,2153.617482
-14.85237064,-8.80675721,-15.05349687,-66.27048767,-86.89865388,-148.6586804,302.1100856,2154.106361
20.30597278,-24.81009553,-15.91780697,-66.02138398,-86.87896926,-144.1213478,302.5020012,2154.60263
-17.10964868,-26.6140213,-15.6348558,-64.01292147,-86.3324907,-139.4323942,302.8800334,2155.106299
-21.3274043,-11.36737405,-14.45764196,-60.36556198,-85.270972,-134.5992936,303.2438674,2155.617381
18.60422583,10.7489985,-12.57668802,-55.28571764,-83.71237361,-129.6295199,303.5931886,2156.135886
-13.90220243,22.25638916,-10.14665677,-48.98983692,-81.67465601,-124.5305469,303.9276824,2156.661828
3.7481357,29.06882188,-7.322210969,-41.69436831,-79.17577968,-119.3098487,304.247034,2157.195216
7.443764452,29.39762111,-4.258013411,-33.61576026,-76.23370508,-113.9748992,304.550929,2157.736063
-10.31848564,13.17920004,-1.114121876,-24.97046126,-72.86639269,-108.5331723,304.8390525,2158.284381
17.09578635,-27.05043509,1.829242393,-15.97491978,-69.09180297,-102.992142,305.11109,2158.840181
-23.83935515,-33.09231751,3.929234126,-6.845584289,-64.92789641,-97.35928208,305.3667268,2159.403474
27.09532802,8.2895929,4.733760956,2.201096742,-60.39263347,-91.6420666,305.6056483,2159.974273
-9.146025177,35.47766081,4.392383688,10.94779633,-55.50397463,-85.84796947,305.8275398,2160.552589
-23.9506868,32.831014,3.161782953,19.17171558,-50.27988036,-79.9844646,306.0320866,2161.138433
-10.50600577,4.57065608,1.252597485,26.63829853,-44.73831112,-74.05902595,306.2189742,2161.731817
19.15844871,-28.43303666,-0.746955403,33.09325822,-38.8972274,-68.07912744,306.3878878,2162.332752
-1.935760824,-36.86947356,-2.102618522,38.25692171,-32.77458966,-62.052243,306.5385128,2162.941251
-19.42148431,-26.89836839,-2.19440778,41.8776061,-26.38835838,-55.98584657,306.6705346,2163.557325
20.13955725,-15.70081278,-1.213000404,43.84853866,-19.75649403,-49.88741208,306.7836384,2164.180985
12.36364928,-14.31512332,0.403125598,44.13896603,-12.89695707,-43.76441347,306.8775098,2164.812243
-17.51666872,-11.77387066,2.204881072,42.73026318,-5.829225181,-37.62432466,306.9518339,2165.451111
-8.434181889,2.079699142,3.708200589,39.64733028,1.418675061,-31.47461959,307.0062962,2166.0976
8.432774197,17.8868905,4.271335075,35.08418906,8.80727915,-25.32277219,307.040582,2166.751722
-4.193272609,24.52614437,3.153387079,29.33648981,16.2946424,-19.1762564,307.0543767,2167.413489
3.197937391,24.19225942,-0.021640397,22.68989286,23.83882013,-13.04254615,307.0473655,2168.082911
-7.185306568,21.03091009,-4.186707594,15.42863757,31.39234649,-6.929115371,307.019234,2168.760001
7.687038402,3.977296076,-7.854053623,7.859047982,38.88567096,-0.843437997,306.9696673,2169.444771
24.5101222,-13.2009426,-9.519464934,0.292969297,46.24372185,5.207012039,306.8983509,2170.137231
-31.77893575,-12.45196399,-7.803483237,-6.984169498,53.39142749,11.2147608,306.8049701,2170.837394
34.72747436,3.39528046,-2.307215271,-13.75518376,60.25782859,17.17233436,306.6892102,2171.545271
33.98099868,7.5650186,5.317301027,-19.67962297,66.78841556,23.07225879,306.5507567,2172.260874
7.932874471,-0.312792526,12.63817452,-24.37961612,72.9327912,28.90706014,306.3892948,2172.984214
-21.77993914,-7.244680894,16.03027719,-27.47729218,78.64055832,34.66926449,306.2045099,2173.715302
9.527109912,-2.815590102,12.75714437,-28.69440224,83.86310119,40.3513979,305.9960873,2174.454152
10.98211834,7.767463961,4.830201593,-28.15321098,88.56095512,45.94598644,305.7637125,2175.200773
-10.03951042,12.11728328,-4.708409545,-26.08370565,92.70453732,51.44555618,305.5070707,2175.955178
12.95909317,-4.247315152,-13.59002858,-22.71789864,96.26629017,56.84263318,305.2258486,2176.717377
-2.717356731,-19.69928204,-20.29607196,-18.28780232,99.21865601,62.12974352,304.9197382,2177.487375
-23.38120824,-20.17747917,-23.41631951,-13.03809233,101.5340772,67.29941325,304.5884365,2178.265172
26.14208515,-3.973790049,-21.85279612,-7.264072184,103.1849961,72.34416844,304.231641,2179.050768
21.17511595,7.228774231,-16.35788229,-1.273608141,104.143855,77.25653517,303.8490493,2179.844161
9.339068266,12.40519767,-8.156570386,4.625458664,104.3830964,82.0290395,303.440359,2180.645351
-17.35009924,17.59168973,1.526147235,10.1252871,103.8745125,86.65485749,303.0052678,2181.454337
11.63310816,26.7759238,11.46527822,14.91803603,102.5870746,91.12998641,302.5434733,2182.27112
-7.030201519,34.83595996,20.43583022,18.69586432,100.4883293,95.45184796,302.0546729,2183.095697
5.285951802,35.39498625,27.21281087,21.15093085,97.54614771,99.61753948,301.5385645,2183.928069
3.580491308,36.60124761,30.57122782,21.96722337,93.73710377,103.6236266,300.9948455,2184.768234
-10.41911277,37.49749555,29.29347665,20.9123845,89.07960401,107.4667459,300.4232136,2185.616193
15.06162239,34.67142909,22.70475907,18.21124269,83.63631692,111.1443198,299.8233663,2186.471944
3.265094205,29.14686844,12.19068264,14.20496561,77.47893224,114.6539689,299.1950014,2187.335487
-22.49419272,23.79827213,-0.349890657,9.234720954,70.67913972,117.9933137,298.5378164,2188.206821
23.86808693,16.73727798,-13.0180988,3.64167639,63.30862911,121.1599746,297.8515088,2189.085945
-24.20774825,-5.794469466,-23.91507979,-2.233000398,55.43909016,124.151572,297.1357764,2189.972859
4.418780965,-29.99048628,-31.14197162,-8.048141729,47.14221261,126.9657265,296.3903167,2190.867563
27.78954001,-32.04167477,-32.79991229,-13.46257992,38.48968623,129.6000585,295.6148274,2191.770055
-33.08608187,-2.626507422,-27.62711619,-18.16002453,29.55320074,132.0521886,294.8090059,2192.680335
-31.83980095,23.0554633,-16.91283918,-21.92095809,20.40444592,134.3197371,293.9725501,2193.598402
38.43592636,26.88037866,-2.594357146,-24.53979679,11.11511149,136.4003246,293.1051573,2194.524256
50.41780897,3.617617585,12.89591521,-25.8082209,1.756887215,138.2915714,292.2065254,2195.457895
-49.31425076,-24.67702271,25.15595138,-25.51945263,-7.59699523,139.9910982,291.2763518,2196.39932
24.87355502,-21.21114242,30.35161907,-23.49929623,-16.86712435,141.4965254,290.3143364,2197.348527
33.13609861,3.398014188,28.95911041,-19.74825,-25.97413944,142.8054734,289.3201878,2198.305505
-10.7260857,25.34264593,22.79145797,-14.56098459,-34.84745296,143.9155627,288.2936169,2199.27024
-12.1584554,24.83406612,13.66770747,-8.290781163,-43.42700272,144.8244138,287.2343345,2200.242717
6.144293074,3.122317731,3.154413882,-1.2886998,-51.65494757,145.5296471,286.1420514,2201.222924
-0.460383232,-16.55658701,-7.244990532,6.094199403,-59.47344637,146.0288832,285.0164785,2202.210846
-7.592681458,-28.95998171,-16.0270735,13.50391807,-66.8217197,146.3197426,283.8573267,2203.206469
10.81617599,-35.07617471,-21.68840275,20.57470465,-73.62723496,146.3997859,282.6643663,2204.20978
19.30506943,-36.55155445,-22.94237884,26.95667715,-79.81951889,146.2663316,281.4376105,2205.220763
-24.88090406,-32.33905762,-19.65899604,32.38686909,-85.34808858,145.9166045,280.1771657,2206.239407
-23.93088055,-15.88705317,-13.08213087,36.66785931,-90.16745873,145.3477578,278.8832101,2207.265696
30.75512987,8.36954195,-4.744922225,39.61391099,-94.23214404,144.5569278,277.5559385,2208.299617
7.731731576,30.81619632,3.819491023,41.03928735,-97.49665921,143.5412509,276.1955459,2209.341156
-5.710642444,44.60754992,11.07796999,40.76709624,-99.92436362,142.2978636,274.8022273,2210.390299
-9.867064686,44.57616093,15.57750376,38.68108366,-101.5177955,140.823902,273.3761776,2211.447032
-25.90628352,28.39562692,16.54388074,34.77487794,-102.3035381,139.1165026,271.9175919,2212.511341
23.25429333,-2.37853204,14.66581429,29.11771938,-102.3119749,137.1728018,270.426665,2213.583213
-20.45433453,-29.99549064,10.78889478,21.98025872,-101.5747304,134.9911769,268.9035919,2214.662633
1.887127925,-41.74071897,5.708359967,13.68349926,-100.1285906,132.5751668,267.3485676,2215.749588
14.39058535,-40.44087935,0.165030224,4.548444339,-98.01237392,129.9303429,265.761787,2216.844063
14.29175128,-31.38673524,-5.296981815,-5.103902732,-95.26509663,127.0624744,264.143445,2217.946046
11.47206019,-16.46920102,-10.10413355,-14.95253863,-91.92577497,123.9773304,262.4937368,2219.055521
-5.67216314,2.630331065,-13.61529484,-24.67646004,-88.03415615,120.6814111,260.8128571,2220.172475
3.483895496,20.95447648,-15.00283262,-33.95466364,-83.63291131,117.1841405,259.101001,2221.296894
-2.274665862,28.92494111,-13.39878811,-42.45984612,-78.76544257,113.4956735,257.3583634,2222.428765
1.804730336,18.99706424,-8.373380921,-49.8566387,-73.47515201,109.6261653,255.5851393,2223.568072
4.509459252,-1.647160991,-1.127686802,-55.89926791,-67.80544177,105.5857709,253.7815236,2224.714804
-8.064362049,-18.88437044,6.833670964,-60.46852566,-61.79971394,101.3846453,251.9477113,2225.868945
12.84562612,-22.44499493,14.01797918,-63.47534278,-55.49858943,97.03294344,250.0838973,2227.030481
-6.933021759,-8.811988811,19.06085338,-64.84180794,-48.93153134,92.54082043,248.1902767,2228.199399
-23.62950642,10.19441887,21.342939,-64.49043752,-42.12757503,87.91843126,246.2670443,2229.375686
30.85471479,21.94713629,20.45363587,-62.35247464,-35.12566413,83.17593097,244.3143951,2230.559326
31.54068533,16.90164536,16.25284334,-58.46425123,-27.96722754,78.32347457,242.3325241,2231.750306
-32.7121793,-0.154645859,9.40293411,-53.0128707,-20.69369417,73.37121708,240.3216262,2232.948613
31.43731734,-17.82103576,0.783395883,-46.23962599,-13.34649293,68.32931353,238.2818964,2234.154232
14.593657,-28.42810802,-8.64166204,-38.47043165,-5.967052739,63.20791894,236.2135297,2235.367149
-6.106120491,-28.79742432,-17.8857827,-30.02912996,1.403197497,58.01718832,234.1167209,2236.587351
-17.30023694,-17.13169828,-26.07900636,-21.14665242,8.722828865,52.76727671,231.9916652,2237.814823
0.79189444,4.679192727,-32.84399329,-12.02195532,15.95041245,47.46833912,229.8385573,2239.049553
7.376827846,26.2606701,-37.95966011,-2.819004862,23.04451935,42.13053057,227.6575923,2240.291525
-5.023354765,36.15062748,-41.21939997,6.312709353,29.96372065,36.7640061,225.4489652,2241.540726
5.288147402,30.69064751,-42.49120108,15.25488493,36.66658744,31.37892071,223.2128709,2242.797142
-7.782795918,19.42996564,-41.89011624,23.92956228,43.1116908,25.98542943,220.9495043,2244.06076
12.90717479,1.535097227,-39.72135675,32.27317066,49.25783068,20.59345843,218.6590604,2245.331565
14.26901079,-20.62794365,-36.32475383,40.22366878,55.06472241,15.21201849,216.3417342,2246.609543
-15.61999921,-38.95548034,-32.0401387,47.71901533,60.49231018,9.849891519,213.9977206,2247.894681
-12.39888762,-38.99788445,-27.20597323,54.69716901,65.50053819,4.515859445,211.6272145,2249.186964
5.693213474,-20.95968279,-22.10546443,61.09608852,70.04935063,-0.781295812,209.2304111,2250.486379
10.68924098,4.660049545,-16.82133994,66.85373255,74.09869167,-6.032792333,206.8075051,2251.792912
-0.633489149,25.87508088,-11.38654993,71.90805981,77.60850552,-11.22984819,204.3586915,2253.10655
-7.191089642,31.19460821,-5.834044563,76.19702898,80.53873636,-16.36368148,201.8841654,2254.427277
7.424121423,14.32569577,0.062564147,79.65725213,82.85076409,-21.42559932,199.3841217,2255.75508
-8.765503939,-10.22561484,7.567016711,82.21995474,84.51173594,-26.40728964,196.8587552,2257.089946
9.728581133,-21.44781501,18.20239178,83.80914456,85.4962234,-31.30064685,194.3082611,2258.43186
-8.910279629,-9.768207191,32.72178219,84.32534501,85.80263031,-36.09791344,191.7328342,2259.780809
6.324698764,10.6594082,48.79833749,83.65828417,85.44161108,-40.79278705,189.1326695,2261.136778
-3.575765545,13.0512834,63.33522145,81.6779929,84.44557259,-45.38102063,186.5079619,2262.499754
2.730381546,-0.732488276,73.33336205,78.26963649,82.85229837,-49.85881949,183.8589065,2263.869723
-4.808073598,-11.25883755,76.16580453,73.41755477,80.69957196,-54.22238894,181.1856981,2265.246671
9.071914748,-8.366117273,70.02506885,67.21577562,78.02517688,-58.46793429,178.4885318,2266.630584
-13.71043891,6.718708735,56.76069686,59.83274721,74.86689668,-62.59166085,175.7676024,2268.021448
4.776446482,16.38005105,40.81661933,51.45078786,71.26251488,-66.58977393,173.023105,2269.419249
11.31895164,10.46357144,25.93971617,42.25221587,67.24981502,-70.45847884,170.2552345,2270.823974
18.77295376,-8.760219921,13.35552239,32.41934956,62.86658064,-74.19398088,167.4641858,2272.235609
-16.24851311,-28.30748663,3.696089964,22.13450723,58.15059527,-77.79248537,164.650154,2273.654139
13.03193938,-13.69817673,-2.925099035,11.5800072,53.13964244,-81.25019762,161.8133339,2275.07955
-11.88680164,24.36374876,-8.350048317,0.938167772,47.87150568,-84.56332293,158.9539206,2276.51183
10.7555235,43.39193066,-14.47273597,-9.608692736,42.38396854,-87.72806662,156.0721089,2277.950964
19.65046229,45.55624534,-23.10266345,-19.87825602,36.71481454,-90.74063399,153.1680939,2279.396937
-26.28880714,44.41417537,-35.36756909,-29.68820376,30.90182722,-93.59723036,150.2420705,2280.849737
31.06920418,16.5225228,-49.63382147,-38.85621765,24.98279012,-96.29406103,147.2942337,2282.309349
-30.99322014,-35.28804745,-63.57744676,-47.19997939,18.99548676,-98.82733132,144.3247783,2283.77576
11.69744375,-55.23211066,-74.87447112,-54.53717065,12.97770068,-101.1932465,141.3338995,2285.248955
18.59229785,-36.80092169,-81.43881928,-60.68547314,6.967215418,-103.388012,138.3217921,2286.728921
-11.87243419,1.331946911,-82.36021996,-65.46256853,1.001814505,-105.407833,135.288651,2288.215643
8.358823294,29.0153076,-77.81977451,-68.72950288,-4.880718524,-107.2489148,132.2346714,2289.709108
3.108420927,47.95940746,-68.04933648,-70.52077964,-10.64260014,-108.9074628,129.160048,2291.209303
-0.077660571,54.05786351,-53.22996383,-70.92169791,-16.2460468,-110.3796822,126.0649759,2292.716212
-17.60484918,41.46991897,-33.85420693,-70.04603914,-21.65451764,-111.6617785,122.94965,2294.229822
11.45678118,14.32633297,-11.77205494,-68.00967512,-26.83681271,-112.7499568,119.8142653,2295.75012
30.07655718,-17.65831842,10.82528552,-64.92531824,-31.76489149,-113.6404226,116.6590167,2297.277091
-25.77670328,-42.99995037,31.74660781,-60.9035677,-36.41282662,-114.329381,113.4840992,2298.810722
-38.71621689,-46.54377499,48.9110368,-56.05458694,-40.75512651,-114.8130375,110.2897078,2300.350998
-15.98039677,-19.56655032,60.98043976,-50.48589565,-44.76894333,-115.0875973,107.0760374,2301.897906
40.5435928,18.80272002,67.93268069,-44.29271688,-48.44372587,-115.1492657,103.8432829,2303.451432
-39.31968978,43.3758934,70.04703991,-37.56074398,-51.77845263,-114.9942637,100.591655,2305.011562
-3.084262146,38.57651848,67.66807675,-30.3703431,-54.77382361,-114.6188747,97.32142673,2306.578282
34.36964698,14.12981612,61.41876389,-22.80475478,-57.43053878,-114.0194204,94.03290946,2308.151578
33.22096264,-14.94503139,52.05654199,-15.01280283,-59.74929815,-113.1923135,90.72650547,2309.731436
24.1550966,-36.87832844,40.35614899,-7.160608317,-61.73080169,-112.1339892,87.40263969,2311.317842
-19.24316767,-40.71275113,27.09232281,0.585707716,-63.3757494,-110.8408829,84.06173709,2312.910784
-20.52278966,-19.55507536,12.98664411,8.060024207,-64.68484126,-109.3094299,80.70422261,2314.510245
17.09417074,14.85465234,-1.451935386,15.0962201,-65.65832401,-107.5365505,77.33055299,2316.116214
-14.04115637,37.5773527,-15.76762123,21.52817434,-66.29400694,-105.5217296,73.9413121,2317.728675
-10.01071495,29.82005668,-29.34665514,27.18976587,-66.58554167,-103.2686415,70.53711558,2319.347615
9.952859273,2.299631688,-40.94342351,31.91487364,-66.52132474,-100.7862158,67.11857911,2320.97302
-9.125951643,-23.40513647,-49.15434891,35.53737658,-66.08933651,-98.08379814,63.68631831,2322.604877
8.965492033,-28.92861968,-52.57979521,37.89509494,-65.27775505,-95.17053635,60.24094886,2324.24317
-9.286167637,-12.89119142,-50.23230901,38.89003101,-64.07475841,-92.05557839,56.7830864,2325.887887
10.23704782,9.583441219,-42.71404848,38.62204539,-62.46877433,-88.74807219,53.31334659,2327.539014
-12.15176709,19.87545586,-31.02358929,37.24292215,-60.4517371,-85.25716568,49.83234507,2329.196536
8.392931022,13.74660344,-16.30852937,34.91472697,-58.02586266,-81.59200678,46.3406975,2330.86044
18.44377617,1.295633166,-0.312555522,31.80673473,-55.20057616,-77.76174343,42.83901953,2332.530712
-3.561984938,-6.749296231,15.07162323,28.10702517,-52.00410759,-73.77552353,39.32792682,2334.207337
-20.40202155,-8.487082199,28.07627001,24.00837923,-48.46938812,-69.64249503,35.80803502,2335.890303
-26.31165329,-4.803572464,37.56324859,19.70357784,-44.62934896,-65.37180584,32.27995978,2337.579594
26.23331831,1.607046661,43.0382432,15.38565813,-40.51717748,-60.9726039,28.74431675,2339.275198
26.07040973,4.05455878,44.15784319,11.22748892,-36.16708574,-56.45403713,25.20172159,2340.977101
19.59495167,0.405232085,40.86976419,7.310770064,-31.61354198,-51.82525345,21.65278994,2342.685287
-0.308407336,-4.264787632,33.96781377,3.669914094,-26.89101444,-47.09540079,18.09813747,2344.399745
-13.6491081,-3.435815854,24.54292851,0.334755127,-22.03397137,-42.27362708,14.53837982,2346.120459
10.29227501,5.349152061,14.0773397,-2.664354001,-17.07688101,-37.36908025,10.97413265,2347.847416
-8.251189891,9.277786269,4.193970635,-5.297060459,-12.05421159,-32.39090821,7.406011613,2349.580602
2.026898763,-2.747152153,-3.963679745,-7.533011411,-7.000431364,-27.3482589,3.834632355,2351.320002
9.626479158,-14.7343866,-10.74416467,-9.341854024,-1.950008569,-22.25028024,0.260610531,2353.065604
-12.70287561,-10.36732715,-16.76288649,-10.69644889,3.062702899,-17.10612016,-3.315438204,2354.817394
16.5949876,7.086597248,-22.24441249,-11.58251026,8.003806529,-11.92492659,-6.892898199,2356.575356
5.244722377,20.94884756,-27.31560118,-11.98920173,12.83975604,-6.71584744,-10.4711538,2358.339478
-16.33427943,26.29014645,-32.10331106,-11.90745634,17.53877463,-1.48803065,-14.04958936,2360.109746
-27.46798185,23.51257377,-36.48240195,-11.33174689,22.07262524,3.749375858,-17.62758921,2361.886145
-26.70325618,12.45812806,-39.45274506,-10.25737216,26.4138968,8.987224157,-21.20453772,2363.668662
-10.29520527,-5.815934686,-40.27447304,-8.699395364,30.5351782,14.21636632,-24.77981922,2365.457283
30.58548813,-23.80577244,-38.25589735,-6.757707099,34.40905837,19.42765443,-28.35281807,2367.251994
22.04883891,-33.82741001,-32.69731789,-4.575040291,38.0081262,24.61194055,-31.92291861,2369.052781
-5.406257436,-33.8063283,-23.18768958,-2.299897335,41.3049706,29.76007675,-35.48950518,2370.85963
-22.22141157,-22.40977778,-10.26169165,-0.080780632,44.2721805,34.86291512,-39.05196214,2372.672528
17.08980101,-1.318989045,4.22894165,1.933807421,46.8823448,39.91130772,-42.60967383,2374.49146
12.28696308,16.71113745,18.14198764,3.595364426,49.1080524,44.89610663,-46.1620246,2376.316413
-7.152606715,26.78196542,29.33522362,4.755387985,50.92189223,49.80816393,-49.7083988,2378.147372
5.099765745,27.75250307,35.66642692,5.2653757,52.29645318,54.63833168,-53.24818077,2379.984324
-6.510843966,17.21812767,35.55764261,5.007015888,53.20609518,59.37746196,-56.78075487,2381.827256
11.15580189,-7.455863637,29.65925212,4.011494462,53.63226218,64.01640685,-60.30550543,2383.676152
-17.35812959,-20.65933257,19.07096571,2.455126987,53.5577251,68.54646246,-63.82181681,2385.530999
-9.242531362,-9.967931063,5.190609172,0.536888954,52.9693145,72.96094007,-67.32907336,2387.391783
27.67018956,7.76195913,-9.138747817,-1.569256219,51.87732687,77.25469709,-70.82665941,2389.258491
5.848999218,13.6571557,-20.46360809,-3.698271326,50.29992278,81.42365308,-74.31395932,2391.131108
3.917179951,8.583869561,-26.72418398,-5.685832014,48.25487584,85.46482743,-77.79035744,2393.009621
-29.09740683,0.10403027,-27.96998555,-7.36761393,45.75964234,89.37555679,-81.25523811,2394.894015
-14.46980514,-5.330151276,-24.69246704,-8.597724464,42.83136308,93.15349337,-84.70798568,2396.784277
-3.618680686,-7.275419026,-17.58077917,-9.303997987,39.48709997,96.79636821,-88.1479845,2398.680393
20.3543954,-5.861914765,-8.302337625,-9.432700613,35.74391494,100.3019124,-91.57461891,2400.582349
19.53664252,-1.373135854,1.560006904,-8.932276465,31.62104791,103.6678569,-94.98727327,2402.490131
-17.48576016,3.993463474,10.51240087,-7.760680413,27.14724957,106.8919329,-98.38533191,2404.403726
16.11564,4.221985293,17.16816093,-5.883724354,22.3591276,109.9718714,-101.7681792,2406.323118
20.38326351,1.333383591,20.78078395,-3.280908198,17.30697772,112.9054035,-105.1351995,2408.248295
17.96474225,-1.497766796,21.55693461,0.053974086,12.05538971,115.6902602,-108.4857771,2410.179243
-24.85261684,-3.108065535,19.97048558,4.06846748,6.671905799,118.3241726,-111.8192963,2412.115947
-30.043588,-2.635901718,16.57024094,8.48259348,1.228530936,120.8048717,-115.1351416,2414.058394
-15.3215278,0.416423509,11.49842644,12.94159542,-4.18487909,123.1300886,-118.4326973,2416.00657
34.02887807,2.874214691,5.261469998,17.08696351,-9.476194053,125.2975544,-121.7113477,2417.960461
17.40276438,1.767906431,-1.540837961,20.56862799,-14.56203683,127.305,-124.9704772,2419.920053
1.665876961,-1.356065886,-8.322318844,23.03870738,-19.36121858,129.1501567,-128.20947,2421.885332
-4.782635579,-4.019785699,-14.302678,24.155977,-23.79920725,130.8307554,-131.4277107,2423.856285
-28.32462464,-3.841401248,-18.60555599,23.61069585,-27.83295448,132.3445272,-134.6245834,2425.832897
-27.84369608,0.539172151,-20.12007181,21.11920557,-31.44549453,133.6892031,-137.7994726,2427.815154
-22.19412849,6.230254072,-17.58806186,16.51585948,-34.62471815,134.8625143,-140.9517626,2429.803043
15.18442543,6.534978469,-10.55542367,10.08763177,-37.35851607,135.8622546,-144.0809007,2431.79655
-10.42013211,-1.514928755,-0.272611282,2.264906302,-39.63477904,136.6864696,-147.1865855,2433.795661
6.225604193,-6.890467141,10.60212594,-6.400915408,-41.4413978,137.3332875,-150.2685988,2435.800362
-3.349569468,0.673580957,18.95542326,-15.34392455,-42.76626309,137.8009166,-153.326802,2437.810638
2.546784232,6.402673826,20.92244402,-24.05862216,-43.59726564,138.0875851,-156.3610766,2439.826477
-4.297209825,-0.743224227,13.8750757,-32.01242698,-43.9222962,138.1915326,-159.3713156,2441.847865
8.478191033,-6.365246338,1.080048419,-38.54012076,-43.72899704,138.1107959,-162.3574574,2443.874786
-14.18176869,2.090660453,-12.4461102,-42.94397066,-43.00425052,137.8426634,-165.3194521,2445.907228
-2.622874617,8.422997394,-20.7222907,-44.52373221,-41.73875873,137.3857313,-168.2572496,2447.945177
24.44071836,2.314906657,-19.59875771,-42.77238819,-39.94426834,136.7419703,-171.1707998,2449.988619
-26.31826981,-12.34191886,-11.45561123,-37.99350468,-37.66878175,135.9165999,-174.0600528,2452.037539
-26.12329533,-15.59786063,-0.197803143,-30.69392149,-34.96858212,134.9154966,-176.9249585,2454.091925
-19.77829458,2.998590647,10.66330402,-21.38047844,-31.89995264,133.7445367,-179.7654668,2456.151761
18.04509673,23.84389636,18.04809503,-10.56001535,-28.5191765,132.4095967,-182.5815277,2458.217035
-13.69239136,24.09231182,19.55379494,1.260627959,-24.88253687,130.9165531,-185.3730912,2460.287732
10.41208251,3.024240759,15.40583288,13.55914784,-21.04631694,129.2712822,-188.1401072,2462.363838
8.58512918,-15.84643882,7.523249564,25.75138536,-17.06679988,127.4796606,-190.8825257,2464.44534
4.083997715,-26.94043944,-1.910821354,37.25004094,-13.00026888,125.5475645,-193.6002967,2466.532223
-4.216301998,-30.8182345,-10.76253894,47.51710771,-8.903007126,123.4808706,-196.2933702,2468.624474
-11.61609052,-28.01699317,-17.19235917,56.02690202,-4.83129779,121.2854552,-198.961696,2470.722079
3.372285691,-19.96710057,-20.57418642,62.30443039,-0.841424058,118.9671947,-201.6052242,2472.825024
16.12833352,-12.02136827,-20.90611277,66.0774602,3.010330889,116.5319656,-204.2239046,2474.933295
7.750331761,-8.541516502,-18.36635196,67.21901723,6.667683869,113.9856443,-206.8176874,2477.046879
-18.88953692,-5.979169358,-13.51139047,65.97407688,10.0806748,111.3341073,-209.3865224,2479.16576
-3.938300868,-0.109739929,-6.992282954,62.65302701,13.22847807,108.5832522,-211.9303596,2481.289926
18.14326371,8.086106576,0.539915932,57.54447901,16.11195961,105.7390616,-214.449149,2483.419363
2.797307564,15.87777797,8.434151531,50.93318092,18.73582743,102.8075395,-216.9428405,2485.554056
-14.77856273,18.74022625,16.03183331,43.11141665,21.10478955,99.79468976,-219.4113841,2487.693991
-7.414663233,13.39544039,22.56180766,34.41491887,23.223554,96.70651618,-221.8547297,2489.839156
11.37033813,3.358195945,26.99072927,25.2401772,25.0968288,93.54902269,-224.2728274,2491.989535
-10.55742115,-5.716513007,28.53344677,15.9664634,26.72956091,90.3279742,-226.665627,2494.145116
2.224120769,-8.110639311,26.61436481,6.838515762,28.12765306,87.04817988,-229.0330786,2496.305884
11.72408588,-4.222837941,21.00881676,-1.979214132,29.29724695,83.71420995,-231.3751321,2498.471825
-13.64317634,1.817288605,12.55729692,-10.33471561,30.24448425,80.33063463,-233.6917374,2500.642925
-5.83935651,3.214349783,2.363127746,-18.07597801,30.97566448,76.90186628,-235.9828446,2502.819171
18.49731938,0.251766921,-8.153644832,-25.05099065,31.49771855,73.4316859,-238.2484036,2505.000548
16.30880005,-3.370834407,-17.86035381,-31.10774286,31.81783403,69.92361782,-240.4883643,2507.187043
-21.40095191,-3.645103379,-25.72407134,-36.09422396,31.94365818,66.38072668,-242.7026767,2509.378642
-7.721069637,1.499932367,-30.69139535,-39.85842329,31.88325018,62.80566519,-244.8912905,2511.575331
-1.893156477,6.394756338,-31.47505467,-42.34724022,31.64501943,59.20073586,-247.0541539,2513.777094
18.33856669,3.393287972,-26.30825106,-43.9119196,31.237682,55.5679345,-249.191215,2515.983914
-15.86830484,-8.626111832,-14.61238475,-45.03176543,30.67001672,51.9091942,-251.3024216,2518.195778
13.71032016,-10.16545236,0.903036167,-46.17209962,29.95080239,48.22644804,-253.3877218,2520.412667
-12.84904924,3.404992846,15.89667816,-47.7925722,29.08881783,44.52162912,-255.4470634,2522.634567
9.383563314,9.845967085,24.87872359,-50.35283323,28.09284184,40.79667051,-257.4803945,2524.861461
14.72946503,6.005839139,23.79470678,-54.18284108,26.97165323,37.05350531,-259.4876631,2527.093335
9.543481617,-1.880231697,15.30347797,-59.07717902,25.73403083,33.2940666,-261.468817,2529.330171
-16.65375859,-5.81206153,3.679935099,-64.63430527,24.38875344,29.52028746,-263.4238044,2531.571954
-0.870185771,-0.900723325,-6.936816874,-70.43606971,22.94459987,25.73410099,-265.352573,2533.818668
14.53684817,4.103598306,-12.8281396,-76.06432219,21.41034893,21.93744027,-267.2550709,2536.070297
7.405569726,0.375853018,-11.56274688,-81.12027312,19.79477944,18.13223838,-269.1312461,2538.326825
0.699948452,-6.374562138,-6.264594859,-85.24408099,18.10667021,14.32042842,-270.9810465,2540.588237
-6.900378068,-7.274494728,-1.110334191,-87.94463322,16.35480004,10.50394347,-272.80442,2542.854517
5.636438355,2.228545938,1.929719004,-88.70570062,14.54794776,6.684716617,-274.6013147,2545.125648
-5.909852859,12.82922706,2.5191409,-87.08592146,12.69378961,2.864680944,-276.3716786,2547.401614
7.508663641,4.831380512,1.130711688,-83.03567153,10.79620471,-0.95423046,-278.1154595,2549.682401
-6.677757267,-13.37844873,-0.679562375,-77.00297538,8.861442301,-4.770084508,-279.8326054,2551.967991
-13.04253799,-21.37002527,-1.132828529,-69.51641147,6.900445841,-8.580948114,-281.5230643,2554.25837
-13.13911841,-5.201175548,0.749478043,-60.90621129,4.9251791,-12.38488819,-283.1867842,2556.553521
13.03473706,17.92428126,3.323786734,-51.28415365,2.94760584,-16.17997165,-284.8237131,2558.853427
-11.67495154,24.24066222,4.300811727,-40.71722283,0.979689825,-19.96426541,-286.4337988,2561.158075
10.08160598,12.12980311,1.987204523,-29.26862932,-0.966605181,-23.73583639,-288.0169894,2563.467447
-9.382747105,-0.621357755,-2.879159576,-17.03396296,-2.879315415,-27.49275149,-289.5732328,2565.781527
1.299358724,-9.393119472,-8.774569869,-4.294937916,-4.746477113,-31.23307763,-291.102477,2568.1003
11.74784625,-14.76633437,-14.12784113,8.619257161,-6.556126512,-34.95488172,-292.60467,2570.42375
-16.2748866,-16.89344569,-17.49207779,21.390839,-8.296299848,-38.65623067,-294.0797597,2572.751861
-16.84074716,-13.62196835,-18.0760409,33.75505791,-9.955033357,-42.33519141,-295.527694,2575.084617
19.08651838,-4.157350055,-15.80483173,45.44627607,-11.52036328,-45.98983084,-296.948421,2577.422002
14.72440953,6.569801809,-10.59428378,56.03850186,-12.98032584,-49.61821588,-298.3418887,2579.764001
1.67708832,11.96221734,-2.318289113,65.06380221,-14.32295729,-53.21841343,-299.7080448,2582.110597
-20.24271854,7.942483287,8.709838885,72.05424406,-15.53629386,-56.78849043,-301.0468376,2584.461774
-4.728986245,-3.973585613,20.21126072,76.54189433,-16.60837178,-60.32651376,-302.3582148,2586.817517
15.47254081,-14.61369613,28.55142766,78.06023009,-17.52863741,-63.83055036,-303.6421245,2589.17781
-12.06775116,-13.06917509,30.28145963,76.24579476,-18.29378277,-67.29866714,-304.8985147,2591.542636
9.038540619,5.251027534,25.01393778,71.20510821,-18.90804987,-70.72921201,-306.1273332,2593.911981
-7.279590982,21.70857281,14.0899712,63.45756643,-19.37599032,-74.12182855,-307.3285271,2596.285827
4.679122474,13.17212701,-0.142474301,53.60142793,-19.70108434,-77.47723171,-308.5020395,2598.664152
7.213253897,-11.3765778,-14.27880321,42.23495121,-19.88616538,-80.79678318,-309.6478126,2601.046937
-7.64291447,-28.37139996,-24.68553892,29.95639481,-19.93369685,-84.08221473,-310.7657884,2603.434159
7.925460117,-20.19534756,-28.4776156,17.36401722,-19.84615325,-87.33524702,-311.8559092,2605.825795
-8.529053258,-1.52474822,-25.96058565,5.002288438,-19.62673146,-90.55687833,-312.918117,2608.221825
9.408635728,11.69501522,-18.97631337,-6.799475713,-19.27881634,-93.74791898,-313.952354,2610.622227
12.40604167,22.93989948,-9.563638372,-17.76574794,-18.80579273,-96.90917929,-314.9585624,2613.02698
-0.10709682,30.51563727,0.24674733,-27.62914851,-18.21104547,-100.0414696,-315.9366842,2615.43606
-18.81053028,30.16966984,8.452522582,-36.15488797,-17.49795942,-103.1456001,-316.8866617,2617.849447
4.645428019,19.14666229,13.44170634,-43.1661781,-16.66991941,-106.2223813,-317.8084369,2620.267119
22.731123,0.133975322,15.19437853,-48.68564541,-15.7303103,-109.2726235,-318.7019519,2622.689054
-22.04476433,-20.04058288,14.10102227,-52.79710322,-14.68251692,-112.2971368,-319.5671483,2625.11523
-0.887691977,-23.73406509,10.59745316,-55.6296973,-13.52992413,-115.2967318,-320.4039641,2627.545621
0.298288459,-12.41289394,5.352783317,-57.32390655,-12.27591677,-118.2722186,-321.2123367,2629.980201
14.36585042,5.784929302,-0.076021507,-58.01974734,-10.92421487,-121.224535,-321.9922036,2632.418943
-13.74728921,19.8653965,-3.910032151,-57.85435534,-9.480909854,-124.1551279,-322.7435021,2634.86182
11.09498693,14.91272126,-4.821853858,-56.96836886,-7.956550958,-127.0655716,-323.4661697,2637.308807
18.39635401,-0.718951818,-3.342654739,-55.4813215,-6.362718097,-129.9574405,-324.1601437,2639.759876
9.955154055,-14.95552276,-0.664838348,-53.31113363,-4.710991178,-132.8323088,-324.8253617,2642.215002
-26.18762221,-18.94682534,1.917051561,-50.32330036,-3.01295011,-135.6917508,-325.4617609,2644.674158
28.97204034,-8.205092671,3.16384615,-46.38331681,-1.280174803,-138.5373409,-326.0692787,2647.137317
25.97760391,7.067771302,2.854374031,-41.40745177,0.475754836,-141.3706534,-326.6478527,2649.604454
8.110364138,17.6917945,1.224793205,-35.51506875,2.243258897,-144.1932626,-327.1974202,2652.075541
-4.790965796,22.31558732,-1.437964645,-28.87630492,4.010757471,-147.0067428,-327.7179185,2654.550552
-23.90741602,21.24167061,-4.729678099,-21.67175436,5.766670651,-149.8126682,-328.2092852,2657.029461
-26.20701665,14.39026314,-7.830143825,-14.11569097,7.499418526,-152.6126133,-328.6714576,2659.512241
-25.74508162,1.781152316,-10.01457698,-6.400255013,9.197421189,-155.4081523,-329.1043731,2661.998865
-0.445290702,-14.74847918,-10.61100945,1.290200575,10.84909873,-158.2008596,-329.5079691,2664.489309
19.01747007,-26.66624242,-8.943596021,8.767445743,12.44287124,-160.9923093,-329.882183,2666.983544
-9.672786007,-25.96230547,-4.627730286,15.83314692,13.96715881,-163.7840759,-330.2269523,2669.481544
-13.9965473,-14.60996529,1.518260545,22.28653473,15.41038154,-166.5777337,-330.5422143,2671.983284
11.34541738,-1.377896075,8.374706916,27.92683981,16.76095951,-169.374857,-330.8279064,2674.488736
-8.736578476,8.237145665,14.82193927,32.55329278,18.00731281,-172.17702,-331.0839661,2676.997874
6.680472559,19.02270951,19.74028806,35.96512427,19.13786154,-174.9857971,-331.3103307,2679.510672
-5.799276206,23.63519916,22.01008371,37.96156492,20.14102578,-177.8027626,-331.5069377,2682.027103
6.38403639,9.759392722,20.82494541,38.39547434,21.00522564,-180.6294908,-331.6737245,2684.547141
-8.205443527,-9.808887529,16.61546571,37.34843462,21.7208562,-183.467556,-331.8106284,2687.070759
12.12688963,-18.32219649,10.06080012,35.01248264,22.2862126,-186.3185325,-331.9175869,2689.597931
12.77519176,-15.07492274,1.857205994,31.5938617,22.70156496,-189.1839947,-331.9945373,2692.12863
16.04189118,-5.270851794,-7.113934719,27.29881512,22.96702488,-192.0653583,-332.0414172,2694.662831
-17.83064988,5.214048531,-15.72999174,22.33358622,23.08206973,-194.9634048,-332.0581638,2697.200506
-1.412457052,11.25520706,-22.81634356,16.90441831,23.04621751,-197.8789564,-332.0447147,2699.741629
7.381892273,11.05848253,-27.32124679,11.21755471,22.85976936,-200.8136184,-332.0010071,2702.286173
17.4462653,4.827551494,-28.94022048,5.479238726,22.52313276,-203.7691026,-331.9269785,2704.834113
10.33196967,-4.739472225,-28.5050984,-0.113849322,22.0364678,-206.7468731,-331.8225664,2707.385422
-12.69110291,-9.775308984,-27.04643304,-5.422060244,21.39942781,-209.7478874,-331.6877081,2709.940073
9.4085583,-4.068048755,-25.29434692,-10.39042427,20.61099384,-212.7724308,-331.5223409,2712.49804
2.381390689,6.775289519,-23.0895477,-14.99038417,19.66999887,-215.8206405,-331.3264024,2715.059296
-3.742157816,13.25592578,-20.03410594,-19.21626922,18.57505,-218.8924277,-331.09983,2717.623815
2.963032349,8.534657405,-15.81952139,-23.03622856,17.32385072,-221.9868,-330.842561,2720.19157
-4.036423139,-4.858218122,-10.41383245,-26.39486895,15.91387865,-225.1025393,-330.5545328,2722.762536
6.079308214,-18.70337106,-3.863533789,-29.22158992,14.3426114,-228.2384274,-330.2356829,2725.336685
-7.534439768,-9.931931375,3.577842686,-31.4427954,12.60752658,-231.393246,-329.8859486,2727.913992
7.504850732,17.56395352,10.84059854,-32.98488933,10.70610179,-234.5657769,-329.5052673,2730.494429
-6.604672257,23.71454764,16.65099369,-33.77427563,8.635814644,-237.7548019,-329.0935766,2733.07797
6.26180314,7.411534111,19.98720508,-33.73863598,6.395420497,-240.9591028,-328.6508137,2735.66459
-7.149233414,-6.679749742,20.84247211,-32.81937061,3.989998834,-244.1774614,-328.1769161,2738.25426
8.529916356,-18.27309224,19.50500737,-31.00777542,1.431468638,-247.4086594,-327.6718211,2740.846956
-9.24141091,-27.97092006,16.33218303,-28.36835539,-1.264201585,-250.6514787,-327.1354663,2743.44265
-5.656543557,-26.81787634,11.76813431,-25.01261698,-4.07892348,-253.9047009,-326.5677889,2746.041316
8.114229882,-16.06893153,6.407134657,-21.06556044,-6.988965643,-257.167108,-325.9687265,2748.642928
-7.333080004,-1.432283295,0.784385652,-16.6535968,-9.969185911,-260.4374817,-325.3382163,2751.247458
3.504517668,8.933128725,-4.590149459,-11.90313706,-12.99444212,-263.7146037,-324.6761958,2753.854882
6.927953989,15.74942468,-9.206507431,-6.940592248,-16.0395921,-266.9972192,-323.9826392,2756.465172
-7.107794569,22.37767935,-12.55472502,-1.892373378,-19.0794937,-270.2839263,-323.2576674,2759.078301
7.286101493,29.54511448,-14.12037889,3.110648446,-22.08900474,-273.5732865,-322.5014382,2761.694244
-7.44377395,27.48320844,-13.50710617,7.939651563,-25.04298307,-276.8638612,-321.7141092,2764.312974
3.874069514,12.99808023,-10.91719019,12.54091336,-27.91628652,-280.1542119,-320.8958383,2766.934464
8.324732406,-3.745737666,-6.926827628,16.88060102,-30.68377292,-283.4429001,-320.0467831,2769.558688
-9.269362523,-14.17953188,-2.171718331,20.92488171,-33.32030011,-286.7284872,-319.1671014,2772.18562
10.42437105,-17.95800302,2.747688293,24.6399226,-35.80072593,-290.0095348,-318.2569509,2774.815233
-8.901540449,-20.50067046,7.379821496,27.99189087,-38.09990821,-293.2846041,-317.3164893,2777.4475
-12.11551786,-22.88186475,11.33986895,30.94695368,-40.19270479,-296.5522568,-316.3458744,2780.082396
12.13328973,-24.09889186,14.25272205,33.47127823,-42.05397351,-299.8110543,-315.3452638,2782.719893
6.255323663,-21.09262074,15.74524464,35.53103166,-43.6585722,-303.0595581,-314.3148153,2785.359966
-10.49271,-12.08467425,15.44047137,37.07669969,-44.98135869,-306.2963295,-313.2546867,2788.002588
-0.146047024,2.407600847,13.00297947,38.01318142,-45.99848123,-309.5199301,-312.1650356,2790.647732
8.079451503,14.59848318,8.049631693,38.30025183,-46.6932494,-312.7289214,-311.0460197,2793.295372
-7.121623267,15.30873352,0.496507379,37.92384589,-47.0590195,-315.9221291,-309.8977969,2795.945482
6.4383902,1.613217642,-8.372489501,36.87598494,-47.09427049,-319.0993427,-308.7205249,2798.598035
-5.921779221,-10.47258096,-16.52814003,35.149712,-46.79877197,-322.2600827,-307.5143612,2801.253004
5.480733279,-5.489033345,-22.05550669,32.73807006,-46.17311668,-325.4030465,-306.2794638,2803.910364
-5.148623135,5.772443056,-23.95718993,29.63410214,-45.21873196,-328.5260969,-305.0159903,2806.570087
4.985131837,5.661969363,-21.62153787,25.85152921,-43.9383262,-331.6258156,-303.7240984,2809.232148
-4.895639696,-0.593348248,-15.08597735,21.48678413,-42.33490436,-334.6984877,-302.4039458,2811.896519
4.616422215,-1.409743479,-6.143271153,16.6569777,-40.41147139,-337.7403985,-301.0556904,2814.563175
-3.958721001,0.658342047,3.445424375,11.47922076,-38.17103225,-340.7478329,-299.6794898,2817.232089
3.089952072,0.907672237,12.75568738,6.070624115,-35.6165919,-343.7170763,-298.2755017,2819.903234
-2.491370176,-0.883158657,21.04809868,0.54829859,-32.7511553,-346.6444137,-296.8438839,2822.576584
-0.371346174,-2.112541233,27.55807078,-4.970644997,-29.57772739,-349.5261304,-295.3847941,2825.252113
3.365112248,0.024758278,31.59764519,-10.36909583,-26.09931315,-352.3585114,-293.89839,2827.929795
-4.252311458,4.898693888,32.81355337,-15.53135409,-22.32051194,-355.1378419,-292.3848293,2830.609601
-6.679779365,6.03752959,30.94298802,-20.346268,-18.25230087,-357.8604072,-290.8442698,2833.291508
8.417258766,-1.421405951,25.90798627,-24.69971275,-13.90725145,-360.5224922,-289.2768692,2835.975487
-9.547555184,-10.25155153,18.42516507,-28.47646752,-9.297935202,-363.1203823,-287.6827853,2838.661512
-9.514047534,-10.68490356,9.407167171,-31.56131149,-4.436923642,-365.6503625,-286.0621757,2841.349557
-8.087950269,-1.973809006,-0.26910844,-33.8381118,0.662299671,-368.1087179,-284.4151981,2844.039596
8.349657779,8.928613679,-9.813644458,-35.18592712,5.981442711,-370.4917339,-282.7420104,2846.731602
7.424345419,14.40338395,-18.45720912,-35.47621496,11.4946123,-372.7956954,-281.0427702,2849.425548
4.882487819,11.0986786,-25.4724341,-34.59165494,17.16403707,-375.0168877,-279.3176353,2852.121409
-4.519876076,1.341865497,-30.29940494,-32.49517423,22.93979228,-377.151596,-277.5667633,2854.819157
4.012570978,-9.5800021,-32.4200706,-29.17027389,28.76942676,-379.1961052,-275.7903121,2857.518766
-4.240113451,-13.02500167,-31.47567975,-24.64976488,34.60048937,-381.1467008,-273.9884393,2860.22021
5.055826547,-13.59247071,-27.74467982,-19.1636977,40.38052897,-382.9996677,-272.1613026,2862.923463
-6.235245344,-17.90074492,-21.66481791,-12.99143275,46.0570944,-384.7512911,-270.3090599,2865.628497
7.810824023,-15.72401238,-13.74277823,-6.412330415,51.57773452,-386.3978562,-268.4318687,2868.335287
-9.976130638,1.428605649,-4.760993348,0.294248898,56.88999818,-387.9356482,-266.5298869,2871.043806
12.59082835,18.29682201,4.429167068,6.848944798,61.94143423,-389.3609521,-264.6032722,2873.754028
-2.294130674,17.95607954,12.91137275,12.97239689,66.67959153,-390.6700532,-262.6521822,2876.465925
-16.18790123,2.652222918,19.46595337,18.38524477,71.05201891,-391.8592367,-260.6767748,2879.179473
15.47660976,-15.98184976,22.64919865,22.80812806,75.00626525,-392.9247876,-258.6772076,2881.894643
-12.91183917,-17.53190702,21.28551071,25.97557508,78.48987939,-393.8629911,-256.6536384,2884.61141
9.736837449,3.213841574,15.47189602,27.69362395,81.45041017,-394.6701323,-254.6062249,2887.329748
-7.465656881,16.40857774,6.526000937,27.87666355,83.83540646,-395.3424965,-252.5351248,2890.04963
6.703516606,1.622340912,-3.729047472,26.56843172,85.6015945,-395.8763688,-250.4404959,2892.771028
-6.975412292,-15.03211255,-11.98787301,23.8065996,86.74255702,-396.2681812,-248.3224958,2895.493918
-6.411810207,-9.550618709,-15.3069106,19.61966093,87.26201746,-396.5153174,-246.1812941,2898.218273
7.933767875,9.606311304,-13.76647157,14.09886226,87.1663535,-396.6167768,-244.0171117,2900.944065
-7.910435723,14.08240319,-8.459846457,7.604447204,86.46633761,-396.5719763,-241.8301988,2903.671269
7.654697351,-4.03399418,-0.923508383,0.631355708,85.17374705,-396.3803461,-239.6208101,2906.399859
-7.594565841,-15.2106838,6.058086827,-6.307486378,83.30035905,-396.0413166,-237.3891999,2909.129807
7.931041202,-6.616437261,9.990452471,-12.69915321,80.85795087,-395.554318,-235.1356231,2911.861087
7.886777915,9.264107625,10.82157581,-18.08331958,77.85829975,-394.9187806,-232.8603341,2914.593673
1.713664408,19.01408402,9.336150587,-22.23889843,74.31318293,-394.1341348,-230.5635876,2917.327539
-5.354042215,21.3422094,6.412992279,-25.11274575,70.23437768,-393.1998107,-228.2456381,2920.062657
-10.37160279,18.22551753,2.65995362,-26.68055314,65.63366123,-392.1152388,-225.9067402,2922.799002
10.2974417,11.75919604,-1.406986369,-26.91874597,60.52354462,-390.8798492,-223.5471485,2925.536548
-1.955620817,3.367116735,-5.276361768,-25.81010485,54.92289413,-389.4930722,-221.1671175,2928.275266
-8.77582435,-8.502526629,-8.436706655,-23.3527579,48.86592354,-387.9543382,-218.766902,2931.015132
7.548809699,-23.56555291,-10.34708018,-19.58246491,42.39500334,-386.2630774,-216.3467564,2933.756119
-6.150845601,-31.29467544,-10.33877928,-14.66769332,35.55744951,-384.4187202,-213.9069354,2936.4982
4.703548842,-23.40091516,-7.943334251,-8.846838636,28.40158103,-382.4206967,-211.4476935,2939.241348
-3.464845756,-8.814481556,-3.759046491,-2.369256869,20.97726295,-380.2688854,-208.9692854,2941.985539
2.766433862,4.201272266,1.346624208,4.511303884,13.34054475,-377.964957,-206.4719655,2944.730744
0.508821533,16.72402261,6.506218056,11.53999751,5.549021948,-375.5110301,-203.9559886,2947.476937
-3.621486984,26.97768386,10.85227526,18.46197791,-2.339709893,-372.9092236,-201.4216091,2950.224093
5.190306056,31.8555684,13.51733603,25.02239895,-10.26822823,-370.1614832,-198.8690817,2952.972184
-3.317246789,29.76126715,13.83990725,30.96641454,-18.17980251,-367.2690626,-196.298661,2955.721184
-12.69650791,22.53663876,12.00642886,36.08030862,-26.02129107,-364.2330426,-193.7106015,2958.471067
-13.28139597,12.60600958,8.505572724,40.31488537,-33.75321587,-361.0545041,-191.1051579,2961.221806
11.9672023,2.461893558,3.848804392,43.66335167,-41.33951475,-357.7345276,-188.4825846,2963.973375
19.77551083,-5.11730603,-1.457501167,46.1258012,-48.74592177,-354.2741941,-185.8431364,2966.725747
-22.61230605,-9.097126295,-6.908241626,47.71209293,-55.94666366,-350.6745842,-183.1870678,2969.478897
-5.1797314,-11.79345697,-11.99831466,48.44115712,-62.92503841,-346.9367787,-180.5146333,2972.232796
6.037578866,-13.91801491,-16.22261794,48.34263057,-69.67505058,-343.0618584,-177.8260877,2974.98742
25.00843141,-15.54697958,-19.07604915,47.45309139,-76.197646,-339.0509041,-175.1216853,2977.742741
-22.59695182,-14.90679256,-20.09955228,45.82623529,-82.49499495,-334.9049965,-172.4016809,2980.498734
-13.23476749,-6.245273943,-19.02181452,43.56929824,-88.56926769,-330.6252163,-169.6663291,2983.255371
13.9108845,4.358174307,-15.62446124,40.75793958,-94.4226345,-326.2126443,-166.9158843,2986.012626
-2.176472541,8.482117408,-9.663317072,37.42842747,-100.0572656,-321.6683614,-164.1506013,2988.770473
-5.825407188,2.953547763,-1.226202271,33.60969039,-105.4753314,-316.9934482,-161.3707346,2991.528885
4.135580896,-6.752269906,8.241721676,29.33065685,-110.679002,-312.1889855,-158.5765387,2994.287837
-4.403496234,-4.668322286,17.08703297,24.62025534,-115.6704478,-307.256054,-155.7682683,2997.0473
6.025739511,4.45573794,24.18060979,19.50741436,-120.451839,-302.1957346,-152.9461779,2999.80725
1.724057275,7.262792042,28.52440528,14.02106239,-125.0253459,-297.009108,-150.1105222,3002.567659
-10.08792448,2.354525144,29.35571943,8.190127935,-129.3931388,-291.697255,-147.2615557,3005.328501
-12.29430028,-5.528051979,26.85994503,2.036834015,-133.5573878,-286.2612562,-144.399533,3008.08975
-10.5338309,-11.0496091,21.48464358,-4.443418243,-137.5202634,-280.7021926,-141.5247087,3010.851379
12.89679718,-10.05942436,13.6276161,-11.26193319,-141.2839358,-275.0211448,-138.6373374,3013.613362
-5.362865831,-1.941169995,3.560821036,-18.43001516,-144.8505752,-269.2191935,-135.7376737,3016.375672
-8.814328096,9.667816976,-7.955060019,-25.95896851,-148.222352,-263.2974197,-132.8259721,3019.138283
5.658514545,19.12965402,-19.55741228,-33.86009758,-151.4014363,-257.2569039,-129.9024873,3021.901169
-2.95908126,16.36373307,-30.07704791,-42.14470672,-154.3899985,-251.098727,-126.9674738,3024.664302
2.139092114,4.455070562,-38.52135456,-50.82410027,-157.1902088,-244.8239698,-124.0211862,3027.427657
-3.936701889,-7.184854757,-43.92223802,-59.90958258,-159.8042375,-238.433713,-121.0638791,3030.191207
7.584831789,-22.85059577,-45.31160404,-69.412458,-162.2342549,-231.9290374,-118.0958071,3032.954925
-11.10221309,-29.80850407,-41.75624328,-79.30914597,-164.4823743,-225.3110805,-115.1172248,3035.718786
12.60061633,-14.89325479,-32.84052158,-89.43652633,-166.5504815,-218.5812078,-112.1283868,3038.482762
10.91198076,7.828411342,-19.69583189,-99.59659399,-168.4404053,-211.7408414,-109.1295476,3041.246828
-8.439406722,27.84273672,-3.831602727,-109.5913439,-170.1539746,-204.7914035,-106.1209619,3044.010957
4.478572863,35.58155789,13.24273741,-119.222771,-171.6930183,-197.7343162,-103.1028842,3046.775122
-1.289764419,26.3185554,29.97871887,-128.2928702,-173.0593651,-190.5710019,-100.0755691,3049.539296
0.615625959,6.6912545,44.76229891,-136.6036364,-174.2548439,-183.3028825,-97.0392712,3052.303455
-3.093270868,-15.66508458,56.30275915,-143.9570645,-175.2812203,-175.9314437,-93.9942451,3055.06757
7.673150357,-37.14341311,63.39997259,-150.1551496,-176.1400065,-168.4584242,-90.94074537,3057.831616
-12.17450541,-30.77879461,65.11356188,-155.0055236,-176.8326514,-160.8856261,-87.87902661,3060.595566
14.58015499,-0.028531046,61.54519596,-158.3409764,-177.3610423,-153.2148514,-84.8093434,3063.359394
-14.13844821,18.47793598,53.06848384,-160.0103789,-177.7287667,-145.4479483,-81.73195032,3066.123073
11.54490436,27.86536573,40.06008213,-159.8646267,-177.9402168,-137.5869832,-78.64710197,3068.886576
-8.209586593,34.20343289,23.0697069,-157.7721467,-178.0020067,-129.6342254,-75.55505293,3071.649879
1.232048853,27.71222396,3.385717908,-153.6805828,-177.9211482,-121.5921546,-72.45605779,3074.412953
3.547922467,11.79795666,-17.3448419,-147.5575349,-177.7043053,-113.463598,-69.35037113,3077.175772
-3.330353073,-9.545058153,-37.41587241,-139.3832544,-177.3580608,-105.2514642,-66.23824754,3079.938311
4.51438915,-28.76506384,-55.07066842,-129.1885977,-176.8889976,-96.95866162,-63.11994161,3082.700542
-6.469323718,-31.24323,-68.74630745,-117.0170725,-176.3036985,-88.58809872,-59.99570793,3085.462439
-0.210046526,-11.33831382,-77.69119744,-102.9121864,-175.6087465,-80.14268395,-56.86580107,3088.223976
10.71151745,15.94788745,-81.29349464,-86.92651039,-174.8107242,-71.62532578,-53.73047564,3090.985126
-6.007574282,33.40741017,-78.859372,-69.18019294,-173.9162147,-63.03893264,-50.58998622,3093.745863
-13.34258576,34.10561225,-69.56064048,-49.92774464,-172.9318007,-54.38641301,-47.44458738,3096.50616
-14.80621265,14.41055394,-53.09605709,-29.45500071,-171.8640652,-45.67067533,-44.29453373,3099.265991
15.20764428,-20.21441661,-31.39746161,-8.047796402,-170.719591,-36.89462806,-41.14007984,3102.025329
-15.39728294,-41.08031333,-6.954964554,14.00803305,-169.504961,-28.06117967,-37.98148031,3104.784149
16.4847858,-32.12892009,17.83404542,36.42665241,-168.2267579,-19.17323859,-34.81898972,3107.542423
-20.45627302,-13.38200455,40.94306708,58.92222645,-166.8915648,-10.2337133,-31.65286266,3110.300125
29.04244078,15.83892007,60.43832107,81.20891991,-165.5059644,-1.24551224,-28.48335371,3113.057228
-41.75078826,55.0339562,74.38602802,103.0008976,-164.0765396,7.788456127,-25.31071746,3115.813707
54.93225907,42.05779674,81.18888336,124.0123242,-162.6098732,16.86528335,-22.13520851,3118.569535
-63.50920888,-21.49890749,80.70429362,143.9797064,-161.1125482,25.98206096,-18.95708142,3121.324685
64.44079733,-63.03237656,73.54024953,162.7500566,-159.5911474,35.13588052,-15.7765908,3124.079131
10.36215563,-68.64041661,60.50254712,180.2772792,-158.0522536,44.32383356,-12.59399123,3126.832846
-16.46765428,-47.12833157,43.06974069,196.5364164,-156.5024498,53.54301163,-9.409537299,3129.585804
-37.37897379,-13.74502848,22.89280883,211.5025106,-154.9483187,62.79050627,-6.223483588,3132.337979
7.559967305,18.34875391,1.622450187,225.1506039,-153.3964432,72.06340903,-3.036084688,3135.089344
24.46376376,50.2714523,-19.09063656,237.4557386,-151.8534062,81.35881145,0.152404815,3137.839872
-26.65278291,77.50329664,-37.59575277,248.3929568,-150.3257906,90.67380507,3.341730334,3140.589537
7.264142152,69.13240303,-52.22209925,257.9373009,-148.8201792,100.0054814,6.531637282,3143.338314
45.02139765,27.01264625,-61.43267938,266.063813,-147.3431549,109.3509321,9.721871071,3146.086174
13.97810167,-31.82564059,-64.52721421,272.7475354,-145.9013005,118.7072486,12.91217712,3148.833092
-63.19163335,-74.61891419,-61.01977183,277.9636528,-144.5011989,128.0715225,16.10230083,3151.579042
12.13856919,-75.58809684,-50.72678871,281.6879196,-143.149433,137.4408453,19.29198762,3154.323997
64.51714805,-52.23663871,-34.84637805,283.8962329,-141.8525856,146.8123086,22.48098291,3157.06793
12.45795825,-27.03724774,-15.57581154,284.5644895,-140.6172396,156.1830039,25.6690321,3159.810815
-46.83854249,-1.497894607,4.713299169,283.6647505,-139.4461418,165.5500227,28.85588062,3162.552626
-31.62639592,26.60994947,23.64934242,281.1539006,-138.3268628,174.9104567,32.04127387,3165.293336
21.74875561,53.67041387,38.86070655,276.9856618,-137.2438107,184.2613973,35.22495726,3168.032918
-12.44838242,67.82128016,47.97577992,271.1139244,-136.1815615,193.5999361,38.40667622,3170.771347
9.016579987,39.27894484,49.11437701,263.4868531,-135.1246914,202.9231646,41.58617615,3173.508596
-13.67845745,-22.63250752,42.38386256,254.0078644,-134.0577766,212.2281744,44.76320246,3176.244638
26.70333416,-66.40162204,28.43527686,242.5223999,-132.9653931,221.512057,47.93750057,3178.979447
-1.620560964,-53.96923259,8.409605297,228.9945896,-131.8321172,230.771904,51.10881589,3181.712996
-37.7916757,4.222022926,-13.89847916,213.4236969,-130.642525,240.0048069,54.27689384,3184.445259
-87.58340803,62.82158835,-33.06852013,195.8105598,-129.3827672,249.2078573,57.44147982,3187.17621
23.91756404,67.47332128,-44.273195,176.1623143,-128.0452927,258.3781466,60.60231926,3189.905822
108.985699,20.62094579,-46.23018414,154.4876712,-126.6241249,267.5127665,63.75915756,3192.634069
-104.4599401,-45.82272519,-39.16270227,130.8321822,-125.113287,276.6088085,66.91174014,3195.360924
-49.53669775,-66.33615338,-23.63708649,105.4292033,-123.5068026,285.6633641,70.0598124,3198.08636
67.41060615,-42.87798615,-1.246614567,78.71069253,-121.7986951,294.6735249,73.20311977,3200.810352
26.10843188,3.766203792,23.06164053,51.14904816,-119.9829878,303.6363824,76.34140766,3203.532873
-20.58048418,45.3599064,43.51226709,23.21666843,-118.053704,312.5490281,79.47442148,3206.253897
5.602654825,55.68755117,54.35125771,-4.635452698,-116.0048673,321.4085537,82.60190663,3208.973396
-0.632051355,42.36150858,51.48744324,-32.08240344,-113.830501,330.2120506,85.72360855,3211.691345
4.773395816,11.69322593,37.15994336,-58.98253642,-111.5246285,338.9566105,88.83927263,3214.407717
24.97840342,-20.76001411,15.18509885,-85.23466928,-109.0812732,347.6393247,91.94864429,3217.122485
26.79038369,-35.69193404,-10.6207495,-110.7376197,-106.4944584,356.257285,95.05146895,3219.835624
-37.31761856,-18.54023702,-36.53591281,-135.3902052,-103.7582076,364.8075827,98.14749201,3222.547107
43.70122739,12.73121987,-58.8103342,-159.0912436,-100.8665442,373.2873096,101.2364589,3225.256906
17.21921094,22.77652494,-72.65136081,-181.7395525,-97.81349157,381.693557,104.318115,3227.964997
0.343937394,11.87757774,-75.53546701,-203.2339495,-94.59307307,390.0234166,107.3922058,3230.671352
-39.90505188,-6.827068264,-68.26429302,-223.4926763,-91.19931212,398.2739799,110.4584766,3233.375945
-7.168928809,-19.94875283,-52.86117634,-242.5116709,-87.6262321,406.4423385,113.5166729,3236.07875
30.87128149,-16.4453195,-33.18067345,-260.3062952,-83.86785641,414.5255839,116.5665401,3238.779739
12.3151488,6.427194276,-11.41574177,-276.8911142,-79.91900556,422.5208075,119.6078236,3241.478887
-25.65648974,27.50838611,11.83575878,-292.2775043,-75.77768852,430.4251011,122.6402688,3244.176168
-24.94058293,26.10578258,35.81082532,-306.4760447,-71.44271134,438.2355561,125.6636211,3246.871554
-2.532976172,6.250480355,57.98378145,-319.4973147,-66.91288012,445.9492641,128.6776259,3249.565019
24.11733786,-21.36532306,75.60699723,-331.3518938,-62.18700093,453.5633165,131.6820288,3252.256537
-22.92771755,-36.97953714,87.2530337,-342.0503611,-57.26387984,461.0748051,134.6765749,3254.946082
21.1965169,-7.644197007,92.71284157,-351.6032961,-52.14232294,468.4808212,137.6610099,3257.633626
-20.29000266,34.14664051,89.04910874,-359.9742902,-46.82113629,475.7784565,140.635079,3260.319144
21.39039063,24.98419182,73.5687856,-366.9451817,-41.29912597,482.9648024,143.5985278,3263.002609
-24.02033788,-10.88829595,48.38729465,-372.27561,-35.57509807,490.0369506,146.5511015,3265.683995
26.54056252,-22.02102877,16.83392333,-375.7314115,-29.64785865,496.9919926,149.4925457,3268.363275
-3.49591086,-9.666475608,-17.1890245,-377.0784231,-23.5162138,503.8270199,152.4226057,3271.040422
-27.35204152,7.097405406,-47.55947501,-376.0825425,-17.1789084,510.539124,155.341027,3273.715411
25.327221,12.40627172,-68.59822248,-372.5105757,-10.63586056,517.1253966,158.247555,3276.388214
-1.742371186,6.651425254,-78.05708156,-366.1314616,-3.893181371,523.5829291,161.141935,3279.058806
-18.03513325,-2.979895817,-76.19010353,-356.8410232,3.039270085,529.9088131,164.0239126,3281.72716
14.00684257,-9.647686743,-64.0041256,-345.0487049,10.15105223,536.1001402,166.893233,3284.393249
-10.9449126,-12.18688741,-44.31111284,-331.2925016,17.43172347,542.1540018,169.7496418,3287.057047
10.26961567,-2.897037039,-20.84091425,-316.1104087,24.87084222,548.0674896,172.5928843,3289.718528
-13.12669033,13.67673509,2.516343351,-300.040421,32.45796691,553.837695,175.4227059,3292.377665
19.3332598,15.56426833,21.86035637,-283.6205339,40.18265594,559.4617097,178.2388521,3295.034432
-27.25801415,8.657369303,34.02742461,-267.3887423,48.03446773,564.9366251,181.0410683,3297.688801
-9.496474928,4.584460896,38.93671412,-251.8830415,56.00296071,570.2595328,183.8290999,3300.340748
41.45467854,1.193981843,37.81706031,-237.5028754,64.07769327,575.4275244,186.6026922,3302.990245
23.02998518,-5.718044048,32.12888333,-224.0795961,72.24822384,580.4376913,189.3615908,3305.637266
-25.46873012,-12.35168501,23.3043046,-211.2504504,80.50411083,585.2871252,192.105541,3308.281784
-35.26446836,-13.42518341,12.76155711,-198.6387969,88.83491267,589.9729176,194.8342882,3310.923773
-42.53093894,-4.835547054,2.09834767,-185.8679941,97.23018775,594.49216,197.5475779,3313.563207
36.00924881,9.781212107,-6.017712811,-172.5614006,105.6794945,598.841944,200.2451555,3316.200059
-28.26481675,7.283729544,-8.425358564,-158.342375,114.1723914,603.0193611,202.9267663,3318.834302
21.9231332,-5.985135088,-6.004502883,-142.8165012,122.6984367,607.0215028,205.5921558,3321.465911
-17.32727547,-5.796408419,-0.963767062,-125.5651263,131.2471889,610.8454608,208.2410695,3324.094858
-19.22820733,0.352032382,3.86253651,-106.3392649,139.8082065,614.4883265,210.8732526,3326.721118
27.61782339,2.616299239,5.595316609,-84.9367925,148.3710479,617.9471915,213.4884507,3329.344663
29.05166506,-0.107900296,2.017058552,-61.35411925,156.9252714,621.2191473,216.0864091,3331.965468
-36.38421853,-2.518181827,-5.546046262,-36.42565366,165.4604354,624.3012855,218.6668733,3334.583506
10.40029638,0.291783724,-14.48482651,-11.37638882,173.9660985,627.1906976,221.2295886,3337.198751
50.65527269,3.486321288,-21.46420227,12.49383861,182.431819,629.8844752,223.7743005,3339.811175
33.5154812,2.34474665,-23.803637,34.17903656,190.8471553,632.3797098,226.3007544,3342.420753
-60.62776832,-0.334104807,-19.65993038,53.42349064,199.2016658,634.6734929,228.8086958,3345.027458
30.89594853,-3.11692445,-7.711865006,70.30188149,207.484909,636.7629162,231.2978699,3347.631264
64.88579289,-3.946303516,11.93548843,84.92934097,215.6864433,638.6450711,233.7680223,3350.232145
-64.63345373,-0.47823602,36.4478416,97.42100099,223.795827,640.3170491,236.2188983,3352.830073
-20.12832508,2.401824049,61.34468145,107.8919934,231.8026187,641.775942,238.6502434,3355.425022
57.87345214,1.551256651,82.13785391,116.4574501,239.6963766,643.018841,241.061803,3358.016967
28.26937077,-2.51980005,96.34122716,123.232503,247.4666593,644.0428379,243.4533224,3360.605879
-42.2603081,2.230791556,105.376894,128.3292917,255.1030251,644.8450242,245.8245472,3363.191734
32.99408763,9.840066788,110.9276877,131.8629065,262.5950325,645.4224914,248.1752226,3365.774505
-25.73071251,-12.77913284,111.7576239,134.0493918,269.9322399,645.772331,250.5050942,3368.354164
23.29024601,-27.71346696,96.7156292,135.2931572,277.1042057,645.8916346,252.8139074,3370.930687
-26.11036209,25.35993933,56.12460338,136.0283845,284.1004883,645.7774938,255.1014074,3373.504045
31.51730427,53.58968817,-3.830823522,136.6856313,290.9106461,645.4269939,257.367346,3376.074214
-35.70344139,-14.20941097,-71.55970125,137.6954555,297.5242375,644.8371962,259.6114988,3378.641166
36.30816687,-81.2516958,-132.1923847,139.488415,303.930821,644.0051477,261.8336557,3381.204874
-33.34769114,-67.38566037,-172.5194865,142.4950675,310.119955,642.9278641,264.033638,3383.765313
-13.07040354,4.421150934,-190.3100008,147.1459709,316.0811978,641.6023533,266.2112749,3386.322456
22.84392905,85.45802143,-190.7307364,153.8883823,321.804108,640.025623,268.3663955,3388.876277
10.75804046,126.2798053,-180.1063282,163.0909797,327.2782438,638.194681,270.498829,3391.426749
-17.22855995,89.64341983,-163.7184441,174.5576354,332.4931638,636.1065351,272.6084045,3393.973845
19.64012525,-4.427350294,-144.790731,187.9468452,337.4384264,633.7581931,274.6949512,3396.51754
-7.535892297,-100.9088959,-126.0686746,202.9171052,342.1035899,631.1466628,276.7582983,3399.057807
-37.85770421,-150.9715046,-110.2977605,219.1269113,346.4782128,628.2689519,278.798275,3401.594618
53.29600762,-119.5576191,-99.36772904,236.2347593,350.5518535,625.1220683,280.8147103,3404.127949
-48.95575646,-23.76134625,-91.74533844,253.8991452,354.3140704,621.7030198,282.8074335,3406.657772
-91.56092774,76.07639316,-85.04160158,271.778565,357.7544219,618.0088142,284.7762738,3409.184061
-73.90060882,139.2448498,-76.86753133,289.5315146,360.8624664,614.0364592,286.7210602,3411.70679
26.08114781,155.153224,-64.83414053,306.81649,363.6277624,609.7829626,288.6416221,3414.225932
124.3198971,119.7970785,-47.05541154,323.2919869,366.0398683,605.2453085,290.5378122,3416.74146
148.4207551,37.90408521,-23.6789973,338.6165015,368.0880597,600.4206683,292.4095789,3419.253349
-148.6543415,-55.43076447,4.557309344,352.4485296,369.7604813,595.3073206,294.2568943,3421.761571
-125.8723591,-115.9337837,36.89392297,364.4465672,371.0449951,589.9038268,296.0797303,3424.2661
84.14374513,-135.6463239,72.62928737,374.2691101,371.9287707,584.2094406,297.878059,3426.766911
111.1382963,-121.4177508,111.0365783,381.5746544,372.3960532,578.2263402,299.6518526,3429.263976
12.10040048,-82.49570027,150.4174607,386.021696,372.4295542,571.9582374,301.4010829,3431.757269
-33.76790257,-35.69435712,188.8162148,387.2637114,372.0159214,565.409927,303.1257221,3434.246763
-51.29585537,1.330376275,224.2771205,384.9352479,371.1603169,558.5866191,304.8257423,3436.732432
35.88973262,17.26916443,254.8444581,378.6725184,369.8661881,551.4935725,306.5011155,3439.21425
-14.58393407,23.25365786,278.5625075,368.1212637,368.1274546,544.1360461,308.1518136,3441.692191
-23.13015436,29.43801056,293.4368103,352.9680581,365.9359411,536.5192988,309.7778089,3444.166227
-15.36170882,41.4426345,297.5071774,333.0544302,363.2834721,528.6485896,311.3790733,3446.636332
40.63861307,53.93505593,289.4164497,308.3757734,360.1618722,520.5291771,312.9555789,3449.10248
-19.63699769,58.54214666,268.0726369,279.3879859,356.562966,512.1663204,314.5072977,3451.564644
-85.86522746,42.97751734,234.9457612,246.6620922,352.4785781,503.5652783,316.0342018,3454.022798
114.2954586,2.953757414,194.1676449,210.7691168,347.900533,494.7313097,317.5362632,3456.476916
29.85170158,-28.41498753,150.4014476,172.2800842,342.8206554,485.6696735,319.0134541,3458.926971
-167.0674525,-31.41197664,108.310329,131.7660188,337.2307698,476.3856286,320.4657463,3461.372937
42.95829889,-2.155518783,71.77524184,89.79794509,331.1227009,466.8844338,321.8931121,3463.814786
196.1212809,24.30188164,41.54831184,46.94688758,324.4882732,457.171348,323.2955234,3466.252493
112.7546401,15.44205443,16.60550906,3.783870727,317.3193113,447.2516301,324.6729523,3468.686032
-148.3292143,-11.85966252,-8.374967124,-39.12008099,309.6076399,437.130539,326.0253708,3471.115375
-188.1398075,-27.17214475,-40.99676955,-81.1939431,301.3450834,426.8133335,327.352751,3473.540497
177.2195764,-9.307450249,-86.49260967,-121.8666911,292.5234664,416.3052726,328.655065,3475.961371
31.31660866,24.53873861,-139.3235299,-160.5673006,283.1346137,405.6116151,329.9322848,3478.37797
-31.01783375,47.1500668,-191.2941058,-196.724747,273.1703497,394.73762,331.1843824,3480.790268
-143.2138828,31.40716607,-234.4288905,-229.768006,262.6224991,383.688546,332.4113299,3483.198238
105.782825,-30.20166937,-261.0855955,-259.1260529,251.4828863,372.469652,333.6130993,3485.601855
130.0359698,-77.72928495,-263.696109,-284.2278634,239.7433362,361.086197,334.7896628,3488.001092
-126.5691467,-72.56603343,-236.5830404,-304.5198058,227.3956731,349.5434398,335.9409923,3490.395921
23.58288364,-5.965797965,-182.5607008,-319.5621234,214.4317217,337.8466393,337.0670599,3492.786318
108.9337424,76.59685876,-110.0493887,-329.1096655,200.8433066,326.0010544,338.1678376,3495.172254
119.2087325,116.5318726,-28.39821926,-332.9615847,186.6222524,314.011944,339.2432976,3497.553705
1.809965072,73.65732084,53.72974235,-330.9218134,171.7651634,301.8845669,340.2934118,3499.930643
-111.8002143,-17.88356688,129.7230448,-322.8134032,156.2877632,289.6241821,341.3181523,3502.303042
-46.02743865,-103.4732906,190.8859445,-308.4641853,140.2105549,277.2360483,342.3174911,3504.670876
104.3849444,-132.3426531,228.5507155,-287.7019911,123.5540419,264.7254245,343.2914004,3507.034117
48.05839703,-77.18168685,238.0210518,-260.3599767,106.3440522,252.0975696,344.2398521,3509.392741
-36.43371535,24.16004199,219.9251158,-226.5404359,88.6277135,239.3577424,345.1628184,3511.746719
-100.8739854,111.2799189,176.9714297,-187.3423408,70.45747804,226.5112019,346.0602711,3514.096026
38.65266724,114.4147535,113.028257,-144.1125015,51.88579826,213.5632069,346.9321825,3516.440636
101.7934282,36.67220804,35.96790319,-98.19772822,32.96512654,200.5190162,347.7785246,3518.780521
-101.1148076,-56.0563931,-43.99969775,-50.94483125,13.74791528,187.3838888,348.5992694,3521.115656
-25.53516679,-84.65313552,-116.3081803,-3.700620791,-5.713383149,174.1630836,349.3943889,3523.446014
96.1337847,-47.39327836,-171.9805659,42.18809294,-25.36631634,160.8618594,350.1638552,3525.771568
-60.08727483,17.30544959,-208.5076508,85.37449971,-45.15843192,147.4854751,350.9076404,3528.092293
-89.96634224,56.52828919,-225.4105256,124.5117893,-65.03727749,134.0391896,351.6257165,3530.408161
-67.03199844,40.09345523,-222.8991327,158.4576134,-84.95040067,120.5282617,352.3180556,3532.719146
84.0648459,-9.421855854,-203.4979143,186.8923125,-104.8501902,106.9579504,352.9846297,3535.025222
11.2206902,-43.30769472,-170.3099371,209.7200533,-124.708399,93.33351457,353.6254108,3537.326362
-59.07146527,-38.29018748,-126.6576937,226.8498438,-144.5016214,79.66021302,354.2403711,3539.62254
-62.17892814,7.985930669,-75.53275933,238.1906917,-164.2064514,65.94330465,354.8294826,3541.913729
47.53198379,40.5118856,-15.31166025,243.6489537,-183.796832,52.18804834,355.3927172,3544.199904
22.52231243,8.901017051,54.55060366,243.1125817,-203.2283014,38.39970299,355.9300471,3546.481036
-18.01382646,-34.97525007,125.3198736,236.4356786,-222.4225487,24.58352747,356.4414444,3548.757101
14.52399876,-25.14406228,185.2122461,223.4645477,-241.2934636,10.74478066,356.926881,3551.028072
-24.56998387,24.89539542,221.2420403,204.1585123,-259.7549358,-3.111278556,357.386329,3553.293921
46.48409396,12.69944572,220.9451895,179.0691331,-277.7208549,-16.9793913,357.8197606,3555.554623
-73.1794818,-19.50159718,178.5935662,149.4216225,-295.1051106,-30.8542987,358.2271476,3557.810152
111.1962647,-3.293503139,99.53527935,116.5813511,-311.8215926,-44.73074186,358.6084622,3560.06048
116.1693691,28.19058765,0.298748245,81.91368907,-327.7841905,-58.60346192,358.9636764,3562.305582
114.9388361,15.23031433,-95.8813563,46.78400695,-342.9067939,-72.46719998,359.2927623,3564.54543
-21.81408821,-26.63716173,-171.5281269,12.5576751,-357.1032926,-86.31669717,359.595692,3566.78
-123.4346037,-61.66395889,-211.0219305,-19.39993606,-370.2875762,-100.1466946,359.8724374,3569.009263
-98.88667656,-59.75374225,-202.8375056,-47.86077164,-382.3735344,-113.9519334,360.1229706,3571.233193
36.01148786,-17.74073556,-153.1937807,-72.23578889,-393.2750568,-127.7271547,360.3472638,3573.451765
76.1602202,44.59180375,-77.87087007,-92.43226142,-402.906033,-141.4670996,360.5452888,3575.664951
-0.706251066,97.46217425,5.984408114,-108.4472131,-411.1803529,-155.1665092,360.7170179,3577.872726
-41.1900793,86.72480721,82.72048497,-120.2776676,-418.0119059,-168.8201247,360.8624229,3580.075062
29.81356123,-16.30894981,142.7318962,-127.9206489,-423.3145818,-182.4226871,360.9814761,3582.271934
-24.0296034,-94.84733091,178.1688588,-131.3731807,-427.0022703,-195.9689376,361.0741494,3584.463315
23.09732448,-52.13116887,184.4192548,-130.708838,-428.9895477,-209.4536173,361.1404148,3586.649178
19.43145405,38.67521575,169.588548,-126.320328,-429.2081637,-222.8714674,361.1802445,3588.829497
-32.13055453,75.02363238,145.064175,-118.7286223,-427.6482029,-236.2172835,361.1936105,3591.004245
32.82556064,21.80753428,120.4686811,-108.4601573,-424.3214246,-249.486076,361.1804848,3593.173397
49.28789481,-44.93547613,98.25562899,-96.01151716,-419.2694105,-262.6728849,361.1408395,3595.336925
-57.03081193,-58.04976555,78.9289056,-81.87182279,-412.5412379,-275.772718,361.0746467,3597.494804
61.17394441,-15.12938231,62.07131563,-66.53019517,-404.1859876,-288.7805794,360.9818783,3599.647006
-49.20891706,24.02908686,45.94278706,-50.47575525,-394.2527397,-301.6914741,360.8625065,3601.793506
-54.55138722,44.15032687,28.51188621,-34.19762399,-382.7905825,-314.5003988,360.7165033,3603.934276
-2.599089293,51.72165496,7.747179427,-18.18492234,-369.8486376,-327.2023168,360.5438407,3606.069291
34.64570755,51.62867174,-17.59240439,-2.926771255,-355.476035,-339.7921832,360.3444908,3608.198524
-25.16673644,44.13305955,-45.47954747,11.0877083,-339.7219046,-352.264953,360.1184257,3610.321948
19.16798865,30.0762344,-72.66881537,23.36939537,-322.6353765,-364.6155813,359.8656173,3612.439537
-17.29847621,18.59544266,-95.80783509,33.42916901,-304.2655804,-376.8390231,359.5860378,3614.551265
18.22832764,-7.05488695,-111.5571849,40.79085951,-284.6616466,-388.9302334,359.2796592,3616.657106
-20.0982033,-42.39526354,-116.6292482,45.03010227,-263.8727048,-400.8841674,358.9464535,3618.757031
-8.783928242,-50.7962119,-108.1504573,45.88485291,-241.947885,-412.6957799,358.5863928,3620.851017
23.1558822,-22.33968268,-85.86688301,43.69649428,-218.9422685,-424.3600261,358.1994492,3622.939035
-23.92272144,27.04577305,-53.98668615,38.98507252,-194.9402306,-435.871861,357.7855947,3625.021059
24.17876101,41.78740261,-17.73327544,32.29854328,-170.0540563,-447.2262397,357.3448013,3627.097063
13.6186577,5.983911815,18.02565393,24.19035176,-144.4015203,-458.4181171,356.8770412,3629.167021
-24.03089915,-34.62676795,49.48537709,15.22333526,-118.109789,-469.4424484,356.3822862,3631.230906
24.31203548,-33.32533138,72.31898249,5.997899418,-91.34359744,-480.2941885,355.8605086,3633.288691
15.55992499,1.20822184,84.76931296,-2.88701936,-64.26917917,-490.9682925,355.3116804,3635.340351
-27.50840432,30.55237569,88.41459542,-10.91728939,-37.02119361,-501.4597154,354.7357735,3637.385858
30.96642554,7.145411085,85.30735421,-17.78431853,-9.726406717,-511.7634124,354.1327601,3639.425187
-35.47199023,-34.55569566,76.04452171,-23.33783531,17.48841558,-521.8743383,353.5026122,3641.45831
21.16774382,-39.0652903,60.85299251,-27.46100863,44.49650735,-531.7874483,352.8453019,3643.485202
44.8686539,-11.23081323,40.31692522,-30.05805249,71.17534758,-541.4976974,352.1608011,3645.505835
31.30826574,27.23194026,16.38653392,-31.05770168,97.42273598,-551.0000406,351.4490821,3647.520184
12.66288875,56.16692734,-8.647503485,-30.40896663,123.1567479,-560.289433,350.7101167,3649.528222
-50.97396869,56.02378951,-32.47739236,-28.07486537,148.3094664,-569.3608296,349.9438771,3651.529923
-3.441867734,16.21477097,-52.73165149,-24.01630236,172.815641,-578.2091854,349.1503353,3653.52526
45.62755667,-39.95692701,-67.04080388,-18.17506113,196.6100214,-586.8294556,348.3294634,3655.514206
11.15319021,-81.05162377,-73.01575161,-10.5125461,219.6273571,-595.216595,347.4812333,3657.496736
-32.92067212,-75.90081641,-69.02657667,-1.174213386,241.8023979,-603.3655589,346.6056173,3659.472822
24.99162937,-7.875440539,-56.8460975,9.324291174,263.0698933,-611.2713021,345.7025873,3661.442439
-17.24637564,69.32592984,-39.10391694,20.38087458,283.364593,-618.9287798,344.7721153,3663.40556
-6.09230133,101.0378646,-18.42963785,31.39344382,302.6212466,-626.332947,343.8141734,3665.362158
7.436662825,91.09073701,2.630908678,41.75990592,320.7746038,-633.4787587,342.8287337,3667.312207
-7.377277556,59.30256346,21.96485355,50.87816786,337.759414,-640.36117,341.8157683,3669.25568
9.900471591,9.000494575,38.09580486,58.14613665,353.510427,-646.9751359,340.7752491,3671.192552
4.699125482,-50.10363599,50.29006653,62.96171929,367.9623925,-653.3156114,339.7071482,3673.122795
-14.23531882,-97.55098162,57.9751477,64.72282279,381.0500599,-659.3775516,338.6114377,3675.046384
15.79300134,-117.0765613,60.57855753,62.80827221,392.7272609,-665.1559115,337.4880896,3676.963291
14.7138196,-117.964265,57.29747544,56.74957234,403.025477,-670.6456462,336.3370759,3678.873491
-19.84335984,-110.3925744,46.74658299,46.97517556,412.0005612,-675.8417107,335.1583689,3680.776956
32.72463474,-76.75524303,29.26083673,34.14254164,419.7096884,-680.73906,333.9519403,3682.673661
-7.033314929,-3.546838144,7.895296518,18.90913034,426.210034,-685.3326492,332.7177624,3684.563579
-67.70571389,72.9641394,-13.6996572,1.932401419,431.5587731,-689.6174333,331.4558072,3686.446683
-70.27244232,111.4515638,-31.87364399,-16.13018534,435.8130808,-693.5883674,330.1660467,3688.322948
-2.130040794,101.0142565,-43.48657008,-34.62117019,439.0301323,-697.2404065,328.848453,3690.192346
59.5375961,39.95753928,-47.43948837,-52.88309334,441.2677928,-700.5691955,327.5029981,3692.054851
-35.23983666,-53.41956861,-43.13805662,-70.2641769,442.586985,-703.5734371,326.1296541,3693.910437
16.20255029,-90.97424247,-29.99811525,-86.10246023,443.0507582,-706.2539606,324.728393,3695.759077
-16.60652373,-38.29284734,-8.828461946,-99.58666571,442.7235193,-708.6129526,323.2991869,3697.600745
28.26607589,36.71239742,14.46120043,-109.7791714,441.6702216,-710.6531463,321.8420078,3699.435415
15.63554148,67.48985489,32.69417021,-115.7189969,439.9558938,-712.3773502,320.3568278,3701.263059
-32.91372555,41.0978805,40.06854438,-116.4451616,437.6455643,-713.7883727,318.843619,3703.083652
22.94440648,-2.7370951,36.59019798,-111.3023368,434.8013298,-714.8890223,317.3023533,3704.897167
-15.01699015,-24.20738048,24.87413897,-100.856768,431.4725271,-715.6821073,315.7330029,3706.703577
15.84738237,-35.94650974,7.843958879,-85.97622407,427.7014325,-716.1704364,314.1355397,3708.502857
5.487898044,-33.45670723,-11.3971367,-67.52744171,423.5292905,-716.3568178,312.5099359,3710.294979
-30.36336258,-12.06082051,-28.82902548,-46.37715762,418.9973452,-716.2440892,310.8561927,3712.079918
33.53224132,19.29628635,-39.40038371,-23.44985381,414.1468409,-715.8352049,309.1744279,3713.857646
-6.283906795,21.22554616,-37.72061126,0.189171909,409.0190221,-715.1331483,307.4647886,3715.628138
-26.80473763,-2.870953885,-21.2948642,23.7775376,403.6551329,-714.140903,305.727422,3717.391366
22.10095596,-23.30228541,2.101557164,46.64302665,398.0964177,-712.8614524,303.962475,3719.147305
-19.36289591,-8.774492343,23.78460178,68.11342242,392.3841207,-711.29778,302.1700948,3720.895929
19.06523241,20.35315975,38.93584473,87.51650828,386.5594863,-709.4528692,300.3504285,3722.637209
-3.996676646,36.68538754,43.6554221,104.1800676,380.6637588,-707.3297034,298.503623,3724.371121
-16.9467635,37.80281078,35.43704573,117.5535277,374.7381825,-704.9312663,296.6298256,3726.097637
-27.25580327,22.41261732,17.50145901,127.6343511,368.8240016,-702.2605411,294.7291832,3727.816732
30.56932038,-8.201867108,-4.926104636,134.7874808,362.9624604,-699.3205115,292.801843,3729.528379
-33.12595199,-35.37482878,-26.46768318,139.439319,357.1948033,-696.1141608,290.847952,3731.23255
26.68716032,-45.79779405,-41.7453146,142.0162679,351.5622746,-692.6444725,288.8676572,3732.929221
35.12786704,-45.25612617,-46.31262908,142.9486227,346.1022255,-688.9144302,286.8611059,3734.618364
-9.487426063,-39.15042294,-39.99647351,142.607032,340.8309093,-684.9270172,284.828445,3736.299953
