date,open,close,high,low,volume,money
2012/1/4,2361.499,2298.753,2365.988,2298.298,3434456700,32572551267
2012/1/5,2290.78,2276.385,2316.657,2272.153,4301648000,37635272074
2012/1/6,2274.352,2290.601,2291.885,2254.567,3519899200,31079362325
2012/1/9,2291.182,2368.57,2368.889,2271.717,5472734100,51478126954
2012/1/10,2365.768,2447.349,2449.955,2361.281,8115498900,75249157103
2012/1/11,2444.757,2435.608,2453.146,2423.322,5870567400,57587219272
2012/1/12,2426.82,2435.219,2464.378,2423.321,4712127500,47877407259
2012/1/13,2438.405,2394.334,2445.787,2374.545,4551399700,47228338588
2012/1/16,2376.953,2345.649,2394.498,2345.633,3052714500,34410385319
2012/1/17,2347.568,2460.601,2462.429,2329.248,6420564800,64324131068
2012/1/18,2464.92,2422.189,2485.498,2414.527,6389235800,67058838880
2012/1/19,2423.857,2468.35,2480.206,2414.985,5561572600,56377653304
2012/1/20,2476.73,2504.086,2510.34,2462.594,5452978300,57474475709
2012/1/30,2508.877,2460.72,2508.877,2460.396,4351714800,44770885276
2012/1/31,2462.338,2464.26,2472.839,2447.768,3070150100,32694132107
2012/2/1,2458.233,2428.994,2481.664,2423.45,3501537400,37752320797
2012/2/2,2437.47,2486.238,2486.238,2429.709,4206698500,44126383715
2012/2/3,2478.336,2506.09,2514.645,2470.28,4994924000,51507545973
2012/2/6,2511.172,2504.322,2520.758,2488.709,4507990500,47541523547
2012/2/7,2489.032,2457.954,2489.032,2441.698,3967916400,40034277145
2012/2/8,2456.422,2528.236,2534.162,2450.999,5618645600,61721305024
2012/2/9,2525.589,2529.231,2546.025,2513.131,5929975100,63456204565
2012/2/10,2521.676,2533.624,2560.027,2521.155,6157587700,60029482361
2012/2/13,2504.41,2531.981,2553.446,2496.305,5191397300,54282622440
2012/2/14,2528.967,2522.107,2533.264,2506.537,4043010100,43723682304
2012/2/15,2515.829,2549.607,2562.071,2511.289,5809037000,60422394145
2012/2/16,2544.641,2536.074,2559.345,2519.043,5439543100,55165633314
2012/2/17,2551.815,2537.086,2558.345,2522.856,3899471600,40458003413
2012/2/20,2571.907,2540.706,2574.746,2539.904,5615332900,56748912893
2012/2/21,2544.835,2562.453,2562.909,2520.786,4789480800,47758225547
2012/2/22,2564.315,2597.476,2598.863,2560.343,7637665600,76421806874
2012/2/23,2595.779,2606.256,2614.537,2590.518,7037712600,72612089253
2012/2/24,2607.339,2648.017,2648.017,2602.776,8599970800,88058616716
2012/2/27,2658.121,2656.573,2693.843,2656.573,10151403400,1.07E+11
2012/2/28,2652.342,2662.463,2671.833,2641.459,7759253600,77213053038
2012/2/29,2655.858,2634.143,2666.647,2631.784,5912020600,64875221164
2012/3/1,2622.737,2633.345,2647.785,2621.858,4214844100,46524079738
2012/3/2,2637.961,2679.934,2679.934,2637.961,6412203400,66981591368
2012/3/5,2687.74,2662.698,2694.612,2660.955,7139545800,74973261138
2012/3/6,2654.799,2621.052,2657.963,2615.6,6244714800,68852557821
2012/3/7,2596.479,2603.005,2628.585,2594.128,5694873300,63243293004
2012/3/8,2612.403,2635.791,2645.953,2612.403,5754941300,64458851045
2012/3/9,2644.1,2664.302,2664.414,2631.406,5525892100,65963441747
2012/3/12,2663.243,2654.402,2666.432,2636.423,6232721600,74367701978
2012/3/13,2653.681,2681.073,2681.334,2649.169,5840446900,66429764308
2012/3/14,2694.475,2605.106,2705.754,2595.342,10842654000,1.17E+11
2012/3/15,2602.661,2585.546,2618.252,2575.437,7256596000,77042766482
2012/3/16,2591.8,2623.52,2624.316,2577.245,5809125900,67451822278
2012/3/19,2617.662,2630.013,2631.045,2598.63,5764662500,68803937996
2012/3/20,2622.66,2584.445,2622.66,2584.024,5811406500,64263817216
2012/3/21,2597.375,2587.793,2613.269,2569.075,5800254400,66674920148
2012/3/22,2586.938,2583.747,2599.244,2570.446,4492677700,50115505934
2012/3/23,2575.327,2552.94,2578.825,2544.525,4332925600,47812442986
2012/3/26,2551.425,2555.442,2562.929,2540.696,3181621100,36356133943
2012/3/27,2565.551,2547.143,2571.899,2544.373,3594460400,47394454857
2012/3/28,2538.458,2474.9,2540.417,2471.034,5000579000,54993640999
2012/3/29,2463.688,2443.122,2476.478,2429.732,4613130400,48651595893
2012/3/30,2447.939,2454.899,2461.977,2438.488,3702708600,39139734882
2012/4/5,2449.208,2512.832,2517.386,2441.269,5433168700,58049690964
2012/4/6,2509.445,2519.83,2525.534,2502.703,4236857600,47207795088
2012/4/9,2510.533,2495.146,2518.378,2491.592,3537098600,38180751755
2012/4/10,2490.283,2519.788,2519.812,2459.348,4133590500,44064833898
2012/4/11,2494.517,2520.036,2541.126,2489.325,4251031000,43627983913
2012/4/12,2522.828,2570.436,2570.842,2516.568,5648840900,59536950778
2012/4/13,2575.052,2580.454,2593.788,2570.035,5309264300,61892977442
2012/4/16,2564.231,2574.044,2586.198,2559.781,4083970000,42650756402
2012/4/17,2572.364,2541.883,2578.76,2541.535,3781546700,38328417080
2012/4/18,2550.905,2599.908,2602.106,2545.996,5868840800,59361005883
2012/4/19,2598.329,2596.056,2606.86,2585.301,4644810900,55512931549
2012/4/20,2591.51,2626.839,2627.375,2589.351,6144637900,63829908072
2012/4/23,2624.751,2606.038,2632.092,2599.112,5866493800,62073949557
2012/4/24,2594.801,2604.866,2640.295,2559.464,7113955800,73150514001
2012/4/25,2598.228,2625.99,2631.438,2593.327,6246805300,63529458933
2012/4/26,2632.718,2631.487,2643.768,2617.089,5896566700,64377486667
2012/4/27,2630.549,2626.157,2637.918,2623.598,4823358600,53345515969
2012/5/2,2660.673,2683.487,2697.949,2643.527,8014865400,92366091966
2012/5/3,2679.517,2691.518,2693.88,2675.811,5936109000,72337336415
2012/5/4,2689.624,2715.879,2716.033,2677.14,6321808600,73699551125
2012/5/7,2699.447,2717.778,2717.778,2694.321,6854731400,82715668565
2012/5/8,2717.408,2709.116,2717.825,2683.562,6311084000,73744497984
2012/5/9,2685.187,2657.514,2685.187,2655.322,5840028300,69482578578
2012/5/10,2657.87,2657.214,2667.675,2649.38,4696257600,54056953614
2012/5/11,2652.313,2636.917,2666.566,2636.523,4100614300,49392898299
2012/5/14,2653.806,2615.534,2656.284,2613.349,5208248400,60331294491
2012/5/15,2597.644,2617.374,2618.175,2591.598,4576727100,51374761939
2012/5/16,2610.161,2574.647,2612.625,2574.082,4328027400,47863536278
2012/5/17,2577.961,2613.942,2619.589,2571.201,4372838900,49203910040
2012/5/18,2595.547,2573.976,2603.191,2567.302,4342212400,46907511775
2012/5/21,2572.369,2587.231,2604.219,2563.973,3860209000,44300405781
2012/5/22,2598.167,2627.525,2627.602,2597.603,4277352900,49392413014
2012/5/23,2621.786,2616.869,2635.78,2598.29,4371953100,52563403310
2012/5/24,2613.095,2595.26,2630.414,2588.209,4284406600,50064439874
2012/5/25,2595.261,2573.103,2602.17,2565.647,3927300400,41420081778
2012/5/28,2562.596,2614.689,2614.849,2545.336,5633927500,58412343035
2012/5/29,2615.145,2650.854,2658.255,2612.564,7213563700,78681504585
2012/5/30,2646.37,2642.258,2655.163,2636.518,5185543600,56976275428
2012/5/31,2623.158,2632.042,2645.591,2617.228,4410746900,49875041384
2012/6/1,2633.601,2632.998,2653.857,2623.289,4419105600,53843404285
2012/6/4,2598.733,2559.026,2608.316,2558.92,5247850200,60615569451
2012/6/5,2565.186,2558.842,2573.887,2548.76,3777991000,43553303591
2012/6/6,2564.226,2557.401,2573.739,2547.334,3385769400,41316908581
2012/6/7,2579.425,2542.184,2584.039,2536.258,3484118600,42053000073
2012/6/8,2558.843,2524.329,2559.128,2520.409,4385642600,47638005888
2012/6/11,2529.599,2558.265,2565.429,2523.774,4009826000,43449657466
2012/6/12,2543.765,2540.178,2553.915,2529.951,3793667600,40259911520
2012/6/13,2546.791,2580.636,2581.115,2539.632,4501456800,51291269477
2012/6/14,2573.329,2560.421,2584.709,2558.565,4024793400,46331822555
2012/6/15,2565.189,2568.054,2580.17,2538.572,4278607800,48868302897
2012/6/18,2576.629,2581.212,2593.218,2572.987,3569362800,40852450181
2012/6/19,2577.362,2558.621,2577.362,2556.103,3270055300,37020041266
2012/6/20,2563.643,2552.611,2570.663,2549.438,2985063900,33573669769
2012/6/21,2547.048,2512.185,2547.048,2502.419,3539673200,38607959039
2012/6/25,2501.163,2456.518,2501.163,2455.008,4010673500,42503507171
2012/6/26,2442.562,2454.915,2465.12,2434.64,3173400800,33896511717
2012/6/27,2452.666,2447.195,2470.762,2444.343,3000755300,31437597414
2012/6/28,2451.664,2425.729,2459.189,2425.24,3054311300,34418793210
2012/6/29,2418.862,2461.612,2462.815,2417.486,3799494100,40976538386
2012/7/2,2473.545,2465.238,2473.966,2452.986,4051007800,45651476527
2012/7/3,2464.85,2468.721,2490.547,2457.449,3869335400,45004653879
2012/7/4,2474.527,2464.919,2481.336,2455.995,3445214200,37837659888
2012/7/5,2450.3,2430.37,2450.3,2420.001,3472614500,35946204421
2012/7/6,2435.059,2472.614,2477.231,2420.356,4961060500,56601778899
2012/7/9,2455.892,2416.036,2470.205,2414.953,4922330200,54601732513
2012/7/10,2411.003,2406.706,2426.529,2402.371,3554998400,38539025245
2012/7/11,2402.184,2425.572,2427.795,2402.154,3762431200,39851892244
2012/7/12,2420.036,2449.181,2460.559,2404.584,5671769100,65137536868
2012/7/13,2441.013,2450.633,2467.99,2438.979,3672525600,42013581196
2012/7/16,2452.595,2399.731,2452.595,2399.61,4277187000,45844882072
2012/7/17,2391.897,2414.201,2421.929,2391.281,3342432900,38285441648
2012/7/18,2412.062,2414.335,2420.778,2373.647,4175178800,44325492550
2012/7/19,2407.443,2424.322,2444.057,2401.291,4694905200,47704038961
2012/7/20,2415.71,2398.455,2423.804,2392.181,3761975400,36683623955
2012/7/23,2379.885,2365.431,2379.885,2357.507,3239036900,33178928582
2012/7/24,2353.22,2375.992,2392.353,2352.803,3031007900,31149105846
2012/7/25,2368.384,2360.083,2381.043,2357.468,2489650100,25730598144
2012/7/26,2360.134,2347.488,2374.874,2344.695,3131409400,31326395007
2012/7/27,2353.942,2349.108,2364.984,2341.293,3109052500,33048182067
2012/7/30,2350.782,2335.793,2367.029,2333.999,3048485100,29907972257
2012/7/31,2336.882,2332.922,2350.071,2329.505,3209972300,31196332451
2012/8/1,2332.129,2358.651,2371.122,2331.949,3142084800,31277764382
2012/8/2,2354.073,2334.882,2358.559,2325.608,3151615900,29751166648
2012/8/3,2340.25,2353.737,2354.156,2329.934,2976978500,31106947335
2012/8/6,2350.117,2385.611,2388.363,2348.119,4182066500,43686686303
2012/8/7,2383.257,2388.873,2390.782,2379.452,3828548900,40403711505
2012/8/8,2390.959,2389.795,2405.183,2382.825,3781045100,41340862162
2012/8/9,2388.43,2411.7,2412.142,2378.854,3565895100,43256096919
2012/8/10,2409.937,2399.751,2413.423,2395.912,3470299500,40699222527
2012/8/13,2394.504,2351.931,2394.504,2350.808,4478354600,46249676189
2012/8/14,2352.659,2357.016,2357.847,2324.906,3985006600,42404687531
2012/8/15,2350.022,2331.615,2350.022,2330.15,3058017600,30332554840
2012/8/16,2327.91,2319.67,2335.397,2317.061,2590290500,27076003542
2012/8/17,2318.432,2313.476,2322.885,2295.158,2606571700,28629966797
2012/8/20,2294.901,2301.788,2307.406,2279.946,2740203300,27174816852
2012/8/21,2301.932,2313.703,2327.375,2296.551,3489510000,34757869338
2012/8/22,2315.14,2295.586,2317.373,2285.755,3170841200,31547519179
2012/8/23,2298.18,2302.199,2311.653,2285.367,3133534200,33789603948
2012/8/24,2295.684,2275.677,2299.298,2274.566,3186959100,32986336544
2012/8/27,2268.485,2228.204,2268.485,2228.151,3738619100,35384156112
2012/8/28,2226.898,2238.411,2250.6,2222.001,3377361500,30331076332
2012/8/29,2230.199,2214.814,2240.112,2214.429,2901064800,27396186648
2012/8/30,2204.515,2211.37,2223.195,2188.724,3549131000,33867206099
2012/8/31,2205.573,2204.868,2218.866,2203.123,2596498600,23340891008
2012/9/3,2201.123,2228.369,2236.563,2197.708,3854859200,35299176728
2012/9/4,2231.716,2204.407,2234.875,2199.509,3485268800,33220203922
2012/9/5,2199.743,2199.875,2209.536,2186.962,3475182400,30445168179
2012/9/6,2204.436,2217.823,2218.68,2199.857,3169588400,26873315868
2012/9/7,2233.912,2317.179,2341.522,2233.912,9452976400,84302249171
2012/9/10,2320.557,2326.666,2334.496,2313.572,6533055400,63252038538
2012/9/11,2316.532,2311.89,2316.532,2294.82,4626071900,43389766043
2012/9/12,2325.925,2320.071,2337.196,2298.297,4962251800,46485174475
2012/9/13,2316.679,2298.461,2325.534,2298.367,4204984900,38023998305
2012/9/14,2324.012,2315.542,2332.417,2298.83,6157181400,55438612876
2012/9/17,2312.055,2258.705,2314.989,2258.182,4898473400,43753169666
2012/9/18,2249.425,2235.239,2253.144,2228.042,3322869600,30171497189
2012/9/19,2237.218,2246.236,2249.243,2229.489,3434970600,32607010935
2012/9/20,2236.191,2195.951,2236.191,2194.221,4254577900,38385856464
2012/9/21,2190.327,2199.063,2217.473,2186.53,3812059300,34043368088
2012/9/24,2183.969,2215.516,2225.805,2172.879,3750168600,33608761246
2012/9/25,2209.975,2210.154,2225.334,2202.376,2787701900,26677064455
2012/9/26,2208.906,2184.891,2216.824,2181.083,2745462600,24918916453
2012/9/27,2186.004,2251.717,2266.297,2185.766,5301690000,48210577766
2012/9/28,2235.057,2293.106,2297.033,2234.323,5787582500,54431465854
2012/10/8,2291.961,2270.054,2305.18,2258.11,3553442400,33915840250
2012/10/9,2281.753,2320.157,2327.727,2281.753,5254888700,48330196363
2012/10/10,2314.593,2324.117,2325.749,2304.608,4268623800,37873996221
2012/10/11,2315.897,2302.533,2321.352,2300.934,4130065500,36172963459
2012/10/12,2311.284,2304.531,2332.149,2287.009,3687414500,33205903773
2012/10/15,2306.006,2294.857,2307.882,2278.457,2865174600,28569021615
2012/10/16,2293.244,2298.162,2315.453,2287.59,3205967900,32705140504
2012/10/17,2307.358,2300.803,2312.173,2280.818,3334940900,31270899032
2012/10/18,2307.487,2336.077,2341.12,2305.883,5061510000,45050292530
2012/10/19,2335.105,2332.47,2342.527,2328.733,3592773200,33173031578
2012/10/22,2320.468,2341.592,2347.895,2315.895,3436828600,32815273277
2012/10/23,2340.89,2312.077,2344.044,2309.252,3722127200,33716876575
2012/10/24,2303.401,2307.779,2321.43,2302.169,3754244500,30392377974
2012/10/25,2306.733,2291.239,2322.917,2288.601,4435153100,33183528714
2012/10/26,2291.31,2247.907,2293.176,2237.059,4090051900,34530067051
2012/10/29,2241.802,2235.854,2248.139,2227.646,2758132500,25328650697
2012/10/30,2236.316,2239.882,2257.951,2231.776,3408312500,29516628523
2012/10/31,2241.432,2254.82,2256.095,2233.684,3716979500,30634360248
2012/11/1,2256.609,2297.884,2305.629,2256.412,5076172900,45602138249
2012/11/2,2297.898,2306.774,2309.666,2284.719,3983328800,34893875754
2012/11/5,2302.742,2301.88,2318.231,2290.135,3951037200,33663152794
2012/11/6,2301.98,2292.206,2304.048,2260.507,3928062700,34473381993
2012/11/7,2288.763,2287.505,2300.893,2277.02,3306740300,30278449435
2012/11/8,2269.582,2245.405,2275.401,2245.4,3542647500,30411864845
2012/11/9,2241.756,2240.924,2252.196,2235.231,3050696800,24374277793
2012/11/12,2242.96,2251.848,2254.703,2232.742,3472168500,29040821378
2012/11/13,2250.842,2212.44,2250.842,2208.723,3408370400,28818451577
2012/11/14,2213.086,2223.11,2225.124,2205.996,2675879000,23592323468
2012/11/15,2210.751,2193.623,2220.987,2193.516,2831915100,23778694920
2012/11/16,2189.511,2177.24,2191.611,2162.976,3024778600,26118247405
2012/11/19,2175.184,2174.985,2176.492,2149.538,2697866600,26737221714
2012/11/20,2180.205,2164.881,2184.334,2163.527,2394891600,22999196160
2012/11/21,2165.408,2194.896,2195.461,2151.38,3050848200,27121949931
2012/11/22,2181.179,2177.546,2185.577,2169.657,2291235100,21536153037
2012/11/23,2184.409,2192.676,2202.47,2179.727,2866749300,26307630050
2012/11/26,2187.24,2175.599,2191.359,2172.1,2474269600,22231498412
2012/11/27,2168.589,2150.638,2173.464,2150.222,3194674600,26149735216
2012/11/28,2142.5,2129.161,2144.802,2126.03,3000933900,24423321714
2012/11/29,2128.803,2115.676,2140.877,2114.477,2967062500,24016256021
2012/11/30,2114.244,2139.661,2142.856,2109.963,3640691100,28552066162
2012/12/3,2136.696,2108.85,2152.608,2108.149,4018676200,34173653616
2012/12/4,2104.928,2131.473,2135.662,2102.135,3622591500,31732336903
2012/12/5,2128.387,2207.878,2219.094,2126.793,8248710300,69109050480
2012/12/6,2205.605,2203.602,2216.976,2191.227,4857468900,42758570153
2012/12/7,2203.887,2246.757,2250.529,2198.107,7616974800,64996499283
2012/12/10,2254.915,2271.046,2276.28,2250.437,7337547500,61399772028
2012/12/11,2263.209,2258.5,2274.994,2254.299,5146870300,45087981874
2012/12/12,2257.73,2267.767,2273.211,2247.953,4500645400,39182538242
2012/12/13,2260.601,2242.635,2266.721,2242.557,4194210000,36665684856
2012/12/14,2245.636,2355.865,2357.106,2245.636,11089256200,93934741143
2012/12/17,2359.201,2366.7,2380.001,2358.664,9408819500,85000820332
2012/12/18,2361.095,2368.12,2398.63,2347.077,8578484900,78802837302
2012/12/19,2362.802,2371.109,2387.142,2358.033,6329253000,61140748228
2012/12/20,2361.322,2384.816,2391.924,2346.55,6565546200,63028692015
2012/12/21,2386.376,2372.002,2414.223,2365.032,6871415800,66887708129
2012/12/24,2368.007,2381.217,2396.725,2367.038,5308700400,54121541302
2012/12/25,2373.88,2448.395,2459.302,2365.41,9550235000,89877770350
2012/12/26,2445.987,2457.619,2458.007,2441.642,7159182800,68406242066
2012/12/27,2464.779,2444.594,2479.792,2443.681,7325506700,69327603833
2012/12/28,2448.076,2480.049,2481.592,2444.381,6716632100,66053288179
2012/12/31,2485.559,2522.952,2522.952,2485.559,8200229300,81149079560
2013/1/4,2551.814,2524.409,2558.529,2498.892,9798818200,95579245007
2013/1/7,2518.047,2535.985,2545.969,2511.603,7516799300,73167512509
2013/1/8,2534.647,2525.33,2540.513,2502.49,7183710000,76498061772
2013/1/9,2518.104,2526.126,2534.239,2504.299,7023117000,74233596955
2013/1/10,2525.59,2530.569,2553.352,2513.729,7108586200,71159045499
2013/1/11,2533.495,2483.23,2539.794,2473.696,7423917600,72775921987
2013/1/14,2474.176,2577.725,2583.625,2473.998,9355409100,96853471373
2013/1/15,2579.132,2595.856,2605.41,2576.919,9862080500,1.01E+11
2013/1/16,2591.365,2577.092,2600.093,2540.521,9353608400,95564995007
2013/1/17,2570.711,2552.758,2575.058,2539.674,6991523900,71716118533
2013/1/18,2568.692,2595.439,2607.446,2553.451,7794030300,77435163470
2013/1/21,2605.649,2610.898,2611.201,2582.652,8413374200,85357442058
2013/1/22,2610.392,2596.898,2620.025,2578.181,10576627500,1.02E+11
2013/1/23,2588.198,2607.456,2611.409,2576.362,7573944400,72758926411
2013/1/24,2606.427,2582.755,2663.404,2564.206,11127717200,1.10E+11
2013/1/25,2580.881,2571.674,2591.513,2567.107,5848735900,60689373994
2013/1/28,2577.267,2651.863,2651.967,2577.267,9127479000,98173275704
2013/1/29,2655.377,2675.866,2685.531,2646.154,10104022900,1.09E+11
2013/1/30,2678.433,2688.711,2689.683,2662.062,9987499000,1.01E+11
2013/1/31,2690.951,2686.882,2696.881,2671.33,9674010100,94476820552
2013/2/1,2677.187,2743.324,2744.322,2671.274,10387951500,1.11E+11
2013/2/4,2753.688,2748.028,2768.504,2731.08,12793917900,1.36E+11
2013/2/5,2727.93,2771.675,2779.953,2725.362,11613081900,1.13E+11
2013/2/6,2771.908,2775.844,2787.456,2765.743,8277927100,88989578113
2013/2/7,2771.53,2759.87,2775.974,2722.874,8997814200,95978595584
2013/2/8,2755.649,2771.725,2791.303,2747.946,7742964400,82903631783
2013/2/18,2784.065,2737.471,2787.74,2731.506,7643822700,81001366822
2013/2/19,2735.045,2685.606,2740.739,2674.339,8062643100,82460808230
2013/2/20,2686.093,2702.635,2703.098,2665.231,7001937700,73636360656
2013/2/21,2675.741,2610.549,2675.741,2584.758,10065798400,1.04E+11
2013/2/22,2607.65,2596.604,2618.483,2591.146,6020485200,65899100176
2013/2/25,2607.149,2604.96,2628.696,2590.787,5316194200,55614493314
2013/2/26,2587.375,2567.595,2631.094,2564.672,8000306500,83373960556
2013/2/27,2576.046,2594.677,2615.249,2569.38,6322674300,64612274221
2013/2/28,2611.94,2673.327,2673.711,2593.997,8692259500,92235377254
2013/3/1,2671.842,2668.836,2680.854,2626.995,7334375300,80342747703
2013/3/4,2619.42,2545.715,2619.574,2528.694,11061910300,1.13E+11
2013/3/5,2547.893,2622.807,2623.171,2541.766,8966115200,92357133815
2013/3/6,2634.87,2650.202,2658.139,2620.431,9582965200,95048891279
2013/3/7,2639.783,2619.479,2658.969,2592.867,9408266600,96498095994
2013/3/8,2622.684,2606.927,2632.624,2601.961,5942955700,63054592405
2013/3/11,2600.278,2592.372,2611.652,2574.172,5094643600,52460900851
2013/3/12,2590.391,2555.615,2619.512,2530.251,7193514100,71675127580
2013/3/13,2551.726,2527.486,2556.773,2515.058,5643046000,56003723639
2013/3/14,2517.745,2534.273,2546.699,2514.463,4760575600,49929775447
2013/3/15,2533.722,2539.873,2600.091,2504.458,8137218500,82749877355
2013/3/18,2526.077,2502.493,2544.619,2499.828,5981277800,63093556699
2013/3/19,2507.396,2525.097,2532.07,2491.854,5453647600,55601011985
2013/3/20,2526.968,2610.174,2610.174,2526.83,9070062200,91271022200
2013/3/21,2611.58,2614.988,2626.538,2598.509,6955275600,71642665537
2013/3/22,2612.256,2618.308,2625.531,2603.344,5564714100,55882142445
2013/3/25,2628.407,2613.097,2641.609,2607.613,5626140200,58004930851
2013/3/26,2601.964,2575.05,2607.357,2554.974,6396296100,65306571624
2013/3/27,2575.726,2583.53,2611.939,2566.345,5690651700,58652246310
2013/3/28,2535.988,2499.302,2535.988,2495.083,8757840500,84725899121
2013/3/29,2502.782,2495.083,2509.109,2482.488,5240213700,52055540480
2013/4/1,2486.428,2493.187,2507.825,2483.732,4734602200,47159820558
2013/4/2,2495.843,2486.391,2524.463,2475,5568415200,55637391748
2013/4/3,2493.877,2483.547,2507.143,2474.927,4556422100,45156719409
2013/4/8,2443.24,2472.299,2473.309,2429.5,5329677200,55249297714
2013/4/9,2477.29,2489.43,2505.294,2477.29,5238982400,54947035592
2013/4/10,2487.984,2485.309,2495.572,2466.19,4750491300,51963820632
2013/4/11,2502.5,2477.876,2508.593,2476.396,4298995800,43039949368
2013/4/12,2476.322,2462.112,2489.118,2460.182,3991727800,40428047827
2013/4/15,2453.967,2436.818,2461.668,2430.149,4653973400,44084843341
2013/4/16,2419.508,2459.592,2461.046,2416.617,5528061300,53783255198
2013/4/17,2457.881,2458.473,2465.202,2437.345,4469216400,46800831850
2013/4/18,2440.707,2464.851,2478.413,2434.73,4286070700,46270137159
2013/4/19,2469.951,2533.827,2542.453,2469.323,7552087600,76723675264
2013/4/22,2525.113,2530.67,2539.046,2518.257,6251188300,63027024091
2013/4/23,2532.201,2449.471,2532.201,2448.2,6065398200,61576157889
2013/4/24,2452.781,2495.579,2511.202,2446.587,6305091600,62189421706
2013/4/25,2486.857,2467.875,2505.482,2456.566,6055792700,59891284466
2013/4/26,2477.724,2447.306,2488.585,2439.796,4712337800,46351986661
2013/5/2,2434.603,2449.639,2453.749,2423.077,4701608800,47200448204
2013/5/3,2457.543,2492.912,2521.119,2457.543,6233009100,63267042656
2013/5/6,2502.978,2525.983,2533.855,2500.455,6041878000,61767951099
2013/5/7,2519.364,2529.938,2539.298,2507.756,5449064300,59244949469
2013/5/8,2542.266,2542.798,2562.007,2531.251,5955429400,60309148841
2013/5/9,2542.374,2527.794,2543.305,2507.792,6024014500,64438292561
2013/5/10,2519.517,2540.836,2546.975,2515.158,4881672800,50896689221
2013/5/13,2542.412,2530.768,2547.602,2516.728,5409214700,55155093224
2013/5/14,2525.998,2493.338,2526.145,2479.872,5488006400,56144573527
2013/5/15,2493.968,2506.925,2507.43,2491.927,4418966000,47578585624
2013/5/16,2501.117,2552.709,2553.058,2487.763,7079618200,76830436307
2013/5/17,2550.452,2592.048,2598.706,2547.776,8185080100,83599367908
2013/5/20,2597.151,2609.607,2627.616,2590.053,8633780300,94059415836
2013/5/21,2607.393,2614.853,2617.4,2594.249,7150599400,75837813846
2013/5/22,2613.411,2618.034,2630.068,2603.75,7419181700,78224126421
2013/5/23,2604.93,2582.849,2624.076,2579.347,8482537000,81359908175
2013/5/24,2591.419,2597.228,2608.35,2572.884,6073966900,62831235051
2013/5/27,2593.522,2599.587,2611.972,2589.739,6419508000,66701652802
2013/5/28,2600.632,2644.359,2644.359,2585.901,8419611200,86756736777
2013/5/29,2648.927,2642.561,2661.229,2640.881,7927770900,81953853231
2013/5/30,2633.955,2634.323,2647.443,2623.581,7014636800,71045065872
2013/5/31,2638.71,2606.426,2645.565,2604.746,6252853300,65904433688
2013/6/3,2605.969,2602.623,2625.936,2596.051,5977446800,63008705172
2013/6/4,2600.499,2565.666,2600.499,2556.056,6631575000,63139420045
2013/6/5,2565.329,2560.539,2570.027,2545.19,4563719300,47367057838
2013/6/6,2552.817,2527.845,2557.678,2525.306,5249652900,54448113429
2013/6/7,2526.913,2484.16,2538.891,2475.687,6103089400,61366173745
2013/6/13,2448.717,2399.937,2448.717,2375.204,6973006600,64081598112
2013/6/14,2404.423,2416.771,2420.356,2396.487,5596453400,53686779328
2013/6/17,2422.762,2403.839,2427.532,2394.385,5039571100,51983757469
2013/6/18,2413.088,2418.745,2424.202,2393.321,4863037900,48792090467
2013/6/19,2408.28,2400.765,2408.28,2366.346,5434626000,52979991053
2013/6/20,2386.104,2321.466,2386.104,2320.226,5520102000,52171735063
2013/6/21,2283.151,2317.394,2332.842,2269.565,5870579800,53486132980
2013/6/24,2308.069,2171.21,2308.069,2164.325,8659725900,73731930536
2013/6/25,2146.053,2165.421,2169.211,2023.171,10755488200,87090393952
2013/6/26,2170.326,2168.297,2181.021,2131.86,7925642600,67298430249
2013/6/27,2172.848,2160.735,2200.213,2153.175,7540675300,62927082416
2013/6/28,2149.03,2200.639,2227.461,2139.372,7945132700,64106048718
2013/7/1,2187.092,2213.317,2213.965,2166.353,5772622700,51874735216
2013/7/2,2211.803,2221.984,2226.113,2191.801,6183885000,59632902046
2013/7/3,2211.044,2203.828,2211.044,2169.137,6583602200,59536760190
2013/7/4,2187.181,2221.979,2245.908,2176.08,7258114500,67189379203
2013/7/5,2227.35,2226.849,2252.033,2225.047,6182177500,58424400611
2013/7/8,2194.423,2163.619,2205.214,2162.189,5478249300,49288252039
2013/7/9,2160.699,2162.669,2174.786,2149.787,4149443300,37246189870
2013/7/10,2163.098,2224.065,2224.135,2157.468,6114978100,54373757823
2013/7/11,2232.157,2326.688,2351.223,2232.157,12579319200,1.11E+11
2013/7/12,2319.023,2275.373,2331.986,2274.073,8973308200,82064555657
2013/7/15,2289.762,2307.297,2336.04,2274.673,7475788400,71796189674
2013/7/16,2300.83,2317.848,2317.848,2281.942,6562415700,62085631916
2013/7/17,2311.443,2282.836,2326.925,2281.609,6765524800,63229061677
2013/7/18,2272.947,2245.328,2282.435,2241.93,5714429200,51937235147
2013/7/19,2248.133,2190.478,2257.916,2188.752,7053528200,66179072656
2013/7/22,2170.089,2202.189,2203.058,2159.813,5328349500,48872947253
2013/7/23,2211.587,2265.845,2276.742,2206.756,7480973100,69255423111
2013/7/24,2253.376,2249.151,2265.578,2217.192,6959230700,69279825849
2013/7/25,2255.223,2237.683,2268.839,2227.853,6577431600,60558362762
2013/7/26,2226.429,2224.008,2238.42,2209.806,4894109800,45636069902
2013/7/29,2205.083,2175.97,2205.083,2169.017,5460092500,49624613440
2013/7/30,2184.007,2189.388,2221.589,2162.979,5519362300,50907227289
2013/7/31,2211.75,2193.021,2235.384,2187.21,4832705500,46723493389
2013/8/1,2206.004,2245.364,2245.56,2200.626,6260399700,58944765673
2013/8/2,2263.495,2247.263,2274.71,2244.252,6089089300,58459999450
2013/8/5,2249.976,2278.329,2278.329,2243.22,5534215100,53623068581
2013/8/6,2270.672,2293.641,2302.484,2256.715,7374689500,68993574807
2013/8/7,2292.379,2280.623,2313.879,2276.862,7304869500,69560482114
2013/8/8,2277.253,2276.782,2297.628,2267.073,5309843000,52710276666
2013/8/9,2288.51,2286.01,2301.59,2258.334,6460001700,62663979060
2013/8/12,2296.22,2352.794,2352.89,2293.176,9786321600,94038910336
2013/8/13,2352.883,2359.068,2360.827,2340.733,7839363600,71178520240
2013/8/14,2362.619,2349.08,2386.599,2340.833,7594212800,71338219589
2013/8/15,2348.839,2321.576,2362.089,2319.784,6195185300,59411203587
2013/8/16,2314.261,2304.144,2423.081,2295.023,12036956300,1.04E+11
2013/8/19,2286.203,2331.43,2340.194,2284.077,7248322400,67064925390
2013/8/20,2325.862,2312.465,2353.409,2303.666,7308634500,67589707172
2013/8/21,2320.584,2308.589,2321.642,2291.053,5500738400,50886495497
2013/8/22,2302.668,2303.932,2329.143,2297.016,5533810400,51686310590
2013/8/23,2314.866,2286.929,2321.037,2251.92,6896713300,65459845296
2013/8/26,2294.759,2335.616,2336.381,2288.496,7037104300,66541009856
2013/8/27,2332.8,2340.881,2345.105,2322.461,6599033300,62575377643
2013/8/28,2326.096,2328.056,2345.358,2307.043,8925617400,80965562365
2013/8/29,2338.564,2318.311,2342.32,2308.145,6608541500,59719882399
2013/8/30,2315.913,2313.91,2334.413,2303.609,8765451500,76695994654
2013/9/2,2319.957,2320.344,2329.867,2297.449,7951024900,73575869316
2013/9/3,2326.231,2354.502,2354.856,2321.304,8055400500,72663978650
2013/9/4,2352.537,2350.699,2360.663,2345.437,7872576300,68509013842
2013/9/5,2350.927,2341.735,2351.218,2336.754,6295138300,59606065186
2013/9/6,2336.767,2357.782,2361.178,2335.932,7334011600,63916893626
2013/9/9,2374.26,2440.609,2449.249,2372.686,14988964000,1.27E+11
2013/9/10,2446.454,2474.894,2475.195,2435.826,15485599200,1.31E+11
2013/9/11,2483.791,2482.889,2504.469,2471.624,16691497400,1.43E+11
2013/9/12,2480.468,2507.455,2527.383,2469.718,14517317500,1.26E+11
2013/9/13,2502.54,2488.902,2515.781,2481.454,11077504900,98275004927
2013/9/16,2501.077,2478.39,2503.694,2467.129,10538328200,97043842349
2013/9/17,2480.81,2427.322,2481.71,2426.462,9945998200,93115107921
2013/9/18,2426.04,2432.51,2439.626,2407.243,7104075900,69341324599
2013/9/23,2441.516,2472.288,2473.163,2439.993,8012835200,80920687856
2013/9/24,2470.715,2443.885,2470.746,2420.085,9785301300,96769831421
2013/9/25,2440.835,2429.03,2455.037,2423.276,9051841800,89119216662
2013/9/26,2422.631,2384.443,2422.631,2382.535,8623677000,84183923178
2013/9/27,2382.218,2394.971,2402.196,2379.856,6597150800,66383990191
2013/9/30,2406.205,2409.037,2415.075,2397.22,5951399200,60990141884
2013/10/8,2406.415,2441.811,2446.703,2392.572,8478550600,84229908920
2013/10/9,2432.94,2453.583,2453.746,2424.769,7627764500,76128340887
2013/10/10,2455.64,2429.317,2455.979,2422.017,9032970600,89468020274
2013/10/11,2442.364,2468.508,2471.165,2439.634,9338826100,91811541654
2013/10/14,2472.267,2472.542,2483.131,2462.551,10008130100,99109155920
2013/10/15,2475.324,2467.517,2479.134,2449.416,8917349600,86100822006
2013/10/16,2459.077,2421.371,2459.077,2409.718,8897983400,83150844984
2013/10/17,2432.645,2413.33,2440.919,2407.777,7122247400,67722892391
2013/10/18,2415.118,2426.054,2435.712,2410.599,6029163000,59138754367
2013/10/21,2431.915,2471.322,2472.785,2423.562,8490979500,82223144817
2013/10/22,2470.255,2445.891,2470.255,2439.859,9070302900,83412053857
2013/10/23,2451.556,2418.491,2474.372,2412.483,9154535500,83286778556
2013/10/24,2412.235,2400.511,2422.943,2395.474,6456082100,60427235951
2013/10/25,2400.517,2368.559,2413.332,2353.993,7707018200,70778094834
2013/10/28,2372.571,2365.954,2377.249,2351.862,6287615200,56602098405
2013/10/29,2369.216,2372.053,2408.616,2327.904,10673783300,91741559592
2013/10/30,2371.853,2407.471,2407.851,2365.506,9217812600,75735067216
2013/10/31,2398.395,2373.718,2398.395,2370.226,8273696400,70393879838
2013/11/1,2373.962,2384.96,2395.005,2365.146,6305576200,57820026665
2013/11/4,2397.21,2380.454,2404.896,2376.355,5179846100,48959462043
2013/11/5,2366.884,2383.769,2385.688,2343.801,6208448800,56935549943
2013/11/6,2371.324,2353.568,2383.54,2352.787,6377666300,59536872794
2013/11/7,2351.871,2340.552,2356.672,2328.253,5482174700,50942569626
2013/11/8,2329.084,2307.945,2342.672,2306.041,5378850800,48564999878
2013/11/11,2305.94,2315.889,2325.228,2295.003,4573945700,42566548184
2013/11/12,2319.362,2340,2342.529,2316.603,5268754500,49854763423
2013/11/13,2325.36,2288.116,2325.563,2287.547,5984883100,53183050105
2013/11/14,2291.269,2304.501,2305.696,2279.006,5731035600,51945077793
2013/11/15,2306.549,2350.734,2377.211,2306.549,8639177100,83147858433
2013/11/18,2367.883,2428.903,2429.566,2361.038,11003463300,1.09E+11
2013/11/19,2427.928,2412.163,2427.928,2405.076,7864829600,79884936328
2013/11/20,2428.767,2424.85,2435.427,2406.417,7229180100,67741428196
2013/11/21,2412.451,2409.989,2415.383,2382.878,8770667700,82220527035
2013/11/22,2415.29,2397.962,2418.999,2393.581,7500067500,70052206585
2013/11/25,2385.784,2388.629,2418.853,2380.689,6614473400,63811265014
2013/11/26,2387.826,2387.416,2399.022,2380.412,5918586400,53334204356
2013/11/27,2386.362,2414.481,2422.806,2383.78,7529408800,70744775407
2013/11/28,2419.15,2439.53,2460.556,2417.235,9066040600,86852445384
2013/11/29,2442.676,2438.944,2446.395,2432.387,6180374600,61907374173
2013/12/2,2423.969,2418.788,2464.863,2397.007,11965512300,1.13E+11
2013/12/3,2410.693,2442.784,2448.333,2406.663,7445575200,72045234174
2013/12/4,2439.824,2475.135,2486.64,2434.694,10265023500,94783931336
2013/12/5,2476.453,2468.197,2481.747,2460.576,7770893200,72999931131
2013/12/6,2463.043,2452.287,2470.813,2445.623,6611408900,64843207895
2013/12/9,2460.028,2450.872,2468.948,2445.94,5716488400,57634539131
2013/12/10,2456.23,2453.322,2466.66,2444.526,6694142400,61236728790
2013/12/11,2440.503,2412.763,2440.503,2400.742,6807514400,62808851026
2013/12/12,2406.766,2410.015,2423.309,2402.769,5014771900,47481447335
2013/12/13,2388.659,2406.639,2416.26,2386.246,5150119600,47583527668
2013/12/16,2408.678,2367.923,2412.734,2367.43,6458167400,62107893611
2013/12/17,2369.255,2356.376,2373.286,2351.183,4848389100,46306075570
2013/12/18,2356.703,2357.226,2368.583,2350.451,4001520700,39675269794
2013/12/19,2366.205,2332.41,2370.991,2331.194,4809568000,45148866928
2013/12/20,2335.052,2278.136,2338.875,2278.096,6520420700,60862129503
2013/12/23,2283.8,2284.602,2295.765,2259.575,4558028500,44415342954
2013/12/24,2291.125,2288.248,2312.832,2270.245,4559916800,45173191422
2013/12/25,2291.748,2305.11,2305.609,2281.6,4400532600,41202984186
2013/12/26,2299.972,2265.334,2301.493,2263.922,5149756300,48603013700
2013/12/27,2268.535,2303.478,2315.182,2264.386,5338915700,51197946376
2013/12/30,2313.38,2299.458,2316.621,2295.641,4841430800,46156442661
2013/12/31,2289.01,2330.026,2333.074,2287.117,5663107000,57026486218
2014/1/2,2323.433,2321.978,2325.991,2310.653,4519429100,49012211124
2014/1/3,2311.968,2290.779,2314.836,2280.887,5978264500,57739709924
2014/1/6,2286.371,2238.637,2286.371,2229.334,6630040300,59979360128
2014/1/7,2222.306,2238.001,2246.791,2218.647,4375310300,42565648108
2014/1/8,2240.635,2241.911,2262.584,2228.418,5134885400,50691488898
2014/1/9,2236.967,2222.221,2258.894,2220.802,5598704100,54399491333
2014/1/10,2216.521,2204.851,2224.494,2200.215,5416929300,47572309533
2014/1/13,2206.996,2193.679,2222.072,2183.597,5012277200,46123003754
2014/1/14,2192.844,2212.846,2214.124,2179.908,5404994700,46785099888
2014/1/15,2210.024,2208.941,2215.903,2193.802,4896239500,45755914348
2014/1/16,2209.448,2211.844,2227.262,2201.56,5229890200,49842784005
2014/1/17,2203.821,2178.488,2205.972,2175.876,5027315500,46268159163
2014/1/20,2173.651,2165.993,2182.463,2156.458,4056015400,39157227541
2014/1/21,2168.42,2187.41,2197.923,2168.42,4030624700,38590992772
2014/1/22,2190.432,2243.796,2244.133,2187.534,7064137500,64803357078
2014/1/23,2242.245,2231.889,2248.924,2228.057,5634595100,55726417393
2014/1/24,2225.758,2245.678,2257.355,2222.893,6116767000,59563444873
2014/1/27,2233.015,2215.919,2233.231,2211.799,7034424600,63503992484
2014/1/28,2220.785,2219.855,2233.257,2205.972,5326913000,49408754555
2014/1/29,2225.711,2227.781,2233.057,2219.928,5022271700,48788682770
2014/1/30,2223.163,2202.45,2223.163,2200.224,4363230400,43475960839
2014/2/7,2187.343,2212.483,2212.498,2177.117,5045931500,49597106433
2014/2/10,2221.54,2267.534,2270.194,2221.54,8306571600,81103244127
2014/2/11,2267.735,2285.562,2296.516,2262.599,9922982900,92688969126
2014/2/12,2286.187,2291.246,2294.317,2276.444,7659216100,73487379679
2014/2/13,2288.451,2279.554,2307.474,2278.261,9621778900,87352124305
2014/2/14,2278.4,2295.575,2295.852,2274.429,6708299700,64613327719
2014/2/17,2308.791,2311.647,2315.579,2293.552,8783166600,86871352624
2014/2/18,2310.309,2282.442,2310.309,2276.108,8704974300,88107267954
2014/2/19,2280.927,2308.656,2317.42,2274.152,9935256100,88341900374
2014/2/20,2314.088,2287.436,2331.698,2286.203,10643953300,91771595713
2014/2/21,2284.03,2264.294,2287.869,2250.652,7636899300,69908188663
2014/2/24,2246.715,2214.509,2246.715,2194.164,8921593900,79599146389
2014/2/25,2216.515,2157.909,2225.209,2150.095,9323755100,88306571728
2014/2/26,2147.737,2163.405,2164.698,2137.079,7799329700,68640581126
2014/2/27,2170.81,2154.108,2180.063,2150.135,9010429600,81587999653
2014/2/28,2149.446,2178.971,2180.474,2133.548,7666805700,70216798972
2014/3/3,2173.907,2190.37,2194.224,2167.91,8207231400,69408739897
2014/3/4,2183.858,2184.273,2188.601,2161.589,7306925000,64691438035
2014/3/5,2187.352,2163.976,2189.093,2159.595,6133201500,55669679402
2014/3/6,2159.397,2173.634,2181.427,2136.454,6909376700,61495023657
2014/3/7,2170.043,2168.358,2189.39,2161.436,6426517700,58693177974
2014/3/10,2149.676,2097.787,2149.676,2095.067,7141640700,63086412572
2014/3/11,2092.608,2108.661,2118.79,2088.729,5762124300,53075782462
2014/3/12,2102.801,2114.134,2130.586,2090.757,7006974700,60115239174
2014/3/13,2119.547,2140.333,2149.436,2115.986,6922602800,59163094375
2014/3/14,2129.87,2122.836,2140.384,2109.575,5861773700,49805247510
2014/3/17,2132.793,2143.038,2143.196,2118.953,5240944500,47571288733
2014/3/18,2146.124,2138.133,2152.462,2134.923,5535413200,54188441365
2014/3/19,2131.283,2120.87,2131.283,2101.285,5930390500,55283943974
2014/3/20,2116.185,2086.967,2134.792,2086.497,6763128500,58951601970
2014/3/21,2079.871,2158.798,2163.225,2077.759,10402480700,83560511769
2014/3/24,2161.898,2176.554,2186.731,2150.871,10449198400,81203913733
2014/3/25,2170.78,2174.44,2191.491,2164.669,8687751000,67548473561
2014/3/26,2181.231,2171.047,2186.078,2165.217,5827617600,50116023097
2014/3/27,2168.344,2155.707,2186.893,2146.916,7127513200,62175860350
2014/3/28,2154.515,2151.965,2172.668,2144.584,7008607300,60123341093
2014/3/31,2156.054,2146.305,2165.254,2134.422,5545748800,48105020054
2014/4/1,2143.717,2163.115,2170.095,2141.151,4886640300,43659064291
2014/4/2,2166.067,2180.727,2182.683,2164.008,6503925700,56777151867
2014/4/3,2188.642,2165.008,2196.138,2160.747,7153603200,57708859685
2014/4/4,2157.982,2185.472,2186.154,2155.277,4794588800,43912624261
2014/4/8,2179.92,2237.316,2243.97,2178.905,9721911700,85692893370
2014/4/9,2239.791,2238.62,2246.793,2228.994,6635726800,61178630422
2014/4/10,2241.452,2273.761,2290.742,2229.515,11454540500,1.02E+11
2014/4/11,2269.565,2270.666,2281.105,2261.133,9061589700,86154853765
2014/4/14,2267.943,2268.613,2275.83,2255.456,6226499800,60254151500
2014/4/15,2261.411,2229.463,2261.474,2225.685,6821813000,62599115638
2014/4/16,2223.468,2232.526,2245.315,2221.153,5167801000,47770218198
2014/4/17,2238.779,2224.803,2241.622,2221.954,4833362800,45096433749
2014/4/18,2215.879,2224.479,2228.77,2203.047,5075799500,45709617096
2014/4/21,2209.942,2187.248,2231.707,2186.755,5627828000,51856112765
2014/4/22,2184.017,2196.795,2196.849,2165.075,5709469400,52351993061
2014/4/23,2191.231,2194.668,2205.594,2187.388,4776353100,45191150830
2014/4/24,2192.769,2190.474,2209.454,2186.763,4505891100,41927012945
2014/4/25,2195.815,2167.826,2201.712,2167.64,6024538300,52092022381
2014/4/28,2165.773,2134.969,2171.385,2132.695,6048518700,49998809829
2014/4/29,2134.413,2158.47,2159.379,2131.783,4820493100,41550353157
2014/4/30,2158.762,2158.659,2164.175,2153.124,4533462400,39493022295
2014/5/5,2152.59,2156.47,2161.703,2131.232,4934407300,41470449799
2014/5/6,2151.388,2157.328,2173.618,2150.112,4808651900,41486451628
2014/5/7,2151.472,2137.316,2153.723,2136.99,4460747000,37751019661
2014/5/8,2132.036,2135.496,2168.206,2128.318,4833245200,40729772017
2014/5/9,2138.84,2133.911,2141.559,2120.595,4918113500,40242745273
2014/5/12,2150.313,2180.054,2184.332,2139.483,8347256000,66275508636
2014/5/13,2180.059,2174.852,2185.046,2167.767,6491251800,50241276089
2014/5/14,2175.094,2172.372,2184.221,2168.997,4851420600,39214123931
2014/5/15,2169.278,2144.084,2171.453,2142.338,4673403200,38938529216
2014/5/16,2143.926,2145.952,2150.5,2132.186,4225319700,34987586802
2014/5/19,2139.362,2115.143,2139.362,2105.713,4289360700,37135950607
2014/5/20,2124.708,2115.771,2131.567,2110.72,3729968300,31576339037
2014/5/21,2106.762,2135.905,2136.1,2096.514,3894604200,32246807970
2014/5/22,2134.087,2130.868,2160.909,2128.858,4625273600,39227549718
2014/5/23,2130.775,2148.414,2148.583,2128.663,3762310500,32420020159
2014/5/26,2161.892,2155.976,2165.421,2147.445,3955065600,37788482728
2014/5/27,2154.395,2147.28,2160.027,2145.752,3589717100,32374256462
2014/5/28,2147.467,2169.352,2171.172,2142.007,5005626000,45627619375
2014/5/29,2171.26,2155.164,2178.092,2154.925,4489155600,41076912680
2014/5/30,2156.381,2156.464,2166.907,2146.218,4392386300,39769199791
2014/6/3,2157.64,2149.918,2168.995,2149.291,4198295400,37906226058
2014/6/4,2149.407,2128.274,2149.452,2117.313,4181724900,35607022812
2014/6/5,2126.607,2150.602,2150.93,2123.524,3647742400,33050774675
2014/6/6,2149.214,2134.716,2149.783,2123.98,3573805800,32415599488
2014/6/9,2128.225,2134.281,2153.903,2126.665,3931106000,35326732064
2014/6/10,2138.671,2161.268,2161.526,2132.447,5050790200,44416141206
2014/6/11,2156.151,2160.766,2163.61,2152.08,4256371800,37311080748
2014/6/12,2156.761,2153.41,2160.988,2148.413,4302584300,37252041741
2014/6/13,2150.987,2176.242,2183.645,2150.569,5925287600,51765511450
2014/6/16,2176.438,2191.855,2196.343,2174.277,6329687500,56904298384
2014/6/17,2185.681,2169.674,2185.681,2168.445,4993366500,46244977817
2014/6/18,2169.252,2160.239,2172.549,2158.497,4946389700,42538095511
2014/6/19,2161.426,2126.907,2166.407,2119.498,5316264500,46029744918
2014/6/20,2124.963,2136.729,2137.034,2120.807,4239371900,35425712925
2014/6/23,2137.926,2134.11,2147.227,2132.454,4117925800,37112428752
2014/6/24,2131.686,2144.821,2145.213,2130.292,4016435600,38778505304
2014/6/25,2141.726,2133.371,2141.726,2126.035,3766610000,33809315524
2014/6/26,2135.156,2149.076,2151.114,2134.891,4435116600,40601836632
2014/6/27,2146.374,2150.258,2159.526,2138.927,5272289600,45525673947
2014/6/30,2152.306,2165.118,2168.221,2152.306,5430418800,50277570814
2014/7/1,2169.199,2164.559,2171.15,2157.133,5332310000,49936284309
2014/7/2,2163.998,2170.867,2171.51,2155.609,5968550100,53273658927
2014/7/3,2169.003,2180.192,2184.964,2164.843,6369069000,56024939299
2014/7/4,2180.445,2178.695,2183.798,2174.073,5285110600,47990033413
2014/7/7,2178.546,2176.289,2186.202,2171.083,5024233400,47663876919
2014/7/8,2174.828,2180.473,2180.778,2163.359,5074359900,46017266874
2014/7/9,2178.135,2148.71,2178.51,2148.26,6202204600,58980248398
2014/7/10,2146.601,2142.847,2151.774,2139.522,5573249700,50931668887
2014/7/11,2136.317,2148.009,2154.735,2134.795,6137427400,51551825645
2014/7/14,2149.542,2171.758,2171.902,2145.278,6615886300,60467088864
2014/7/15,2170.089,2174.976,2176.272,2165.206,7181569400,64304875149
2014/7/16,2172.824,2170.868,2183.248,2166.774,8156023000,61126054498
2014/7/17,2166.831,2157.068,2166.932,2147.084,5945356800,46354646289
2014/7/18,2147.663,2164.144,2176.325,2145.446,6547329500,53758919136
2014/7/21,2164.223,2166.295,2171.94,2158.955,5417226000,47731629577
2014/7/22,2162.436,2192.698,2197.592,2162.236,7854258300,66806114430
2014/7/23,2191.394,2197.833,2210.282,2190.555,8421387200,69177998063
2014/7/24,2199.833,2237.015,2239.815,2199.833,11943553400,99964367602
2014/7/25,2243.067,2260.454,2260.89,2239.066,9897283800,81994560081
2014/7/28,2272.383,2323.897,2331.472,2272.383,17986933300,1.45E+11
2014/7/29,2326.038,2331.369,2342.77,2316.217,13426964100,1.12E+11
2014/7/30,2324.69,2322.011,2339.038,2316.058,12302283200,1.03E+11
2014/7/31,2321.967,2350.251,2350.551,2316.585,11098776900,93135566963
2014/8/1,2341.227,2329.402,2371.5,2328.966,12631739000,1.06E+11
2014/8/4,2336.63,2375.62,2375.62,2332.138,11671375400,1.01E+11
2014/8/5,2376.797,2369.353,2380.774,2353.795,11186178900,97906971246
2014/8/6,2358.206,2363.221,2371.667,2334.334,11634182900,96681298733
2014/8/7,2363.608,2327.457,2369.204,2326.268,11672921000,94254453994
2014/8/8,2329.184,2331.134,2339.27,2319.288,8673969400,72605666133
2014/8/11,2338.008,2365.349,2367.004,2337.014,9160117100,82973900360
2014/8/12,2361.17,2357.052,2361.17,2344.716,9182260800,82973769642
2014/8/13,2358.459,2358.901,2370.513,2335.694,11044778900,94185266458
2014/8/14,2357.198,2335.945,2363.18,2334.08,9796949300,84251435869
2014/8/15,2337.985,2360.635,2366.902,2333.123,9359254600,81888217001
2014/8/18,2366.272,2374.562,2379.804,2361.197,10450955400,90148909855
2014/8/19,2378.886,2374.768,2379.474,2358.965,11585002000,1.03E+11
2014/8/20,2371.649,2366.14,2375.475,2360.837,10128808800,91374802730
2014/8/21,2365.731,2354.244,2367.46,2333.299,10069021100,92192063269
2014/8/22,2352.316,2365.364,2368.457,2350.986,8982393800,85642463757
2014/8/25,2367.019,2342.863,2367.606,2338.455,9737371700,85182493960
2014/8/26,2339.6,2324.092,2350.391,2317.184,9384422200,83135033150
2014/8/27,2323.79,2327.595,2336.737,2322.885,6767622100,62448675179
2014/8/28,2328.059,2311.278,2336.363,2309.639,7049065500,66195966855
2014/8/29,2317.304,2338.287,2338.774,2313.262,6321142300,58359967752
2014/9/1,2340.925,2355.317,2355.552,2338.53,7732087000,73362240553
2014/9/2,2359.862,2386.46,2387.655,2349.949,11443673300,1.07E+11
2014/9/3,2389.694,2408.838,2414.26,2389.679,12973420400,1.24E+11
2014/9/4,2411.934,2426.224,2427.297,2404.082,11127229800,1.08E+11
2014/9/5,2433.174,2449.259,2450.634,2427.987,13355176400,1.23E+11
2014/9/9,2452.227,2445.224,2454.893,2437.078,11819434400,1.08E+11
2014/9/10,2435.593,2432.433,2437.081,2422.646,10917551700,97472682969
2014/9/11,2430.678,2423.454,2461.473,2417.269,13298258300,1.27E+11
2014/9/12,2418.752,2438.358,2438.358,2412.622,10916017000,96625765409
2014/9/15,2433.001,2437.189,2439.254,2418.959,12224715900,1.13E+11
2014/9/16,2440.339,2388.765,2442.924,2386.98,18674279100,1.47E+11
2014/9/17,2395.361,2401.326,2405.371,2379.091,12526902800,98039470145
2014/9/18,2396.379,2408.664,2414.946,2389.622,11592637600,92105332013
2014/9/19,2409.313,2425.211,2430.149,2402.313,10181357700,88221038707
2014/9/22,2419.326,2378.92,2419.326,2374.108,10224087000,88958056522
2014/9/23,2379.521,2399.462,2402.482,2379.521,8403334100,75463683722
2014/9/24,2391.419,2441.864,2443.978,2387.07,14271353000,1.20E+11
2014/9/25,2453.423,2436.965,2462.668,2429.587,13866189100,1.20E+11
2014/9/26,2430.808,2437.201,2439.649,2420.499,10029949400,87757377938
2014/9/29,2443.91,2447.799,2453.665,2435.611,12340172700,1.11E+11
2014/9/30,2452.166,2450.988,2454.885,2444.204,11580422900,1.02E+11
2014/10/8,2460.87,2478.383,2478.383,2445.268,12195360400,1.17E+11
2014/10/9,2480.197,2481.955,2488.113,2461.112,13792392000,1.21E+11
2014/10/10,2472.096,2466.789,2482.136,2457.684,14763430700,1.22E+11
2014/10/13,2457.412,2454.946,2460.389,2430.546,13159336200,1.13E+11
2014/10/14,2451.094,2446.562,2467.904,2436.336,12739370500,1.06E+11
2014/10/15,2444.538,2463.874,2465.498,2431.188,13580188200,1.15E+11
2014/10/16,2448.968,2444.395,2480.3,2441.822,15816660300,1.28E+11
2014/10/17,2443.222,2441.732,2456.105,2410.401,13275998800,1.13E+11
2014/10/20,2448.453,2454.711,2456.621,2441.896,9143540100,84843604900
2014/10/21,2453.406,2433.391,2459.255,2432.552,9624191200,86622201933
2014/10/22,2434.886,2418.641,2447.467,2417.562,8865619300,82251744245
2014/10/23,2415.44,2395.936,2424.662,2392.532,10349183900,86045452830
2014/10/24,2397.848,2390.706,2404.993,2385.725,7497486900,65601225156
2014/10/27,2377.542,2368.832,2377.542,2361.68,7386244700,65956480803
2014/10/28,2373.155,2416.653,2416.766,2373.155,10152305500,90529903107
2014/10/29,2423.813,2451.384,2461.268,2415.703,15858406200,1.35E+11
2014/10/30,2450.361,2468.925,2474.376,2443.759,18962635300,1.39E+11
2014/10/31,2473.501,2508.325,2512.189,2466.504,23917241200,1.82E+11
2014/11/3,2515.824,2512.548,2524.172,2502.06,20580122800,1.51E+11
2014/11/4,2511.036,2513.172,2517.46,2498.605,21824700500,1.55E+11
2014/11/5,2516.87,2503.448,2519.399,2499.228,19049186200,1.46E+11
2014/11/6,2505.167,2506.067,2510.985,2482.983,14965111700,1.19E+11
2014/11/7,2508.765,2502.153,2541.549,2489.419,20876091100,1.77E+11
2014/11/10,2529.83,2565.73,2565.73,2514.71,22659973500,1.88E+11
2014/11/11,2578.438,2558.612,2602.373,2532.572,32371165600,2.66E+11
2014/11/12,2545.403,2594.318,2594.318,2539.601,18468626100,1.58E+11
2014/11/13,2597.389,2579.75,2607.519,2567.463,21981561500,1.93E+11
2014/11/14,2569.211,2581.093,2581.932,2557.666,16504996500,1.45E+11
2014/11/17,2613.513,2567.101,2614.086,2565.943,15847809500,1.48E+11
2014/11/18,2565.273,2541.416,2570.211,2534.927,14294135600,1.24E+11
2014/11/19,2538.233,2537.223,2550.5,2531.318,12214697400,1.13E+11
2014/11/20,2528.78,2537.099,2545.473,2522.836,10614986400,98145538650
2014/11/21,2537.538,2583.455,2585.362,2530.032,15102813900,1.44E+11
2014/11/24,2614.16,2649.258,2667.671,2602.944,27983972000,2.65E+11
2014/11/25,2650.085,2685.561,2686.063,2643.843,22261169900,2.07E+11
2014/11/26,2695.263,2723.018,2723.36,2690.31,24396248500,2.39E+11
2014/11/27,2737.03,2754.49,2754.49,2718.704,26546473000,2.61E+11
2014/11/28,2753.925,2808.819,2809.543,2740.374,37532366200,3.30E+11
2014/12/1,2825.611,2819.812,2855.332,2808.653,36548741700,3.39E+11
2014/12/2,2807.338,2923.94,2944.506,2804.293,36146532200,3.41E+11
2014/12/3,2936.124,2967.549,3028.225,2912.246,46615668500,4.65E+11
2014/12/4,2975.403,3104.351,3104.89,2968.876,42681292800,4.34E+11
2014/12/5,3143.968,3124.885,3195.798,3011.936,52488126000,5.54E+11
2014/12/8,3108.272,3252.881,3270.881,3075.7,48446234400,5.16E+11
2014/12/9,3233.097,3106.913,3387.827,3074.516,63287456700,7.02E+11
2014/12/10,3120.212,3221.546,3229.047,3058.191,42501870800,4.77E+11
2014/12/11,3185.161,3183.012,3254.424,3158.443,36709169100,3.93E+11
2014/12/12,3182.923,3193.227,3239.447,3167.928,30106532500,3.38E+11
2014/12/15,3176.829,3217.228,3226.221,3143.297,29019383400,3.27E+11
2014/12/16,3221.358,3303.402,3303.402,3207.688,35812384700,4.26E+11
2014/12/17,3325.82,3360.598,3368.194,3275.736,44814077000,5.28E+11
2014/12/18,3359.09,3345.927,3393.711,3322.229,35597020700,4.16E+11
2014/12/19,3345.629,3383.167,3397.183,3280.916,41121159000,4.36E+11
2014/12/22,3396.251,3394.481,3455.207,3357.661,54980167100,5.37E+11
2014/12/23,3358.798,3324.924,3431.779,3316.913,36973609300,3.77E+11
2014/12/24,3332.146,3230.385,3340.357,3188.495,31744958700,3.39E+11
2014/12/25,3254.48,3335.419,3335.779,3226.322,30979954700,3.30E+11
2014/12/26,3343.64,3445.839,3453.338,3335.012,38461412400,4.39E+11
2014/12/29,3502.183,3455.455,3524.28,3405.836,42501503700,5.05E+11
2014/12/30,3450.814,3457.554,3491.826,3422.174,32823387300,3.95E+11
2014/12/31,3462.389,3533.705,3542.34,3452.498,34593476000,4.04E+11
2015/1/5,3566.089,3641.541,3669.042,3551.51,45119809800,5.20E+11
2015/1/6,3608.428,3641.059,3683.226,3587.231,42096218500,4.99E+11
2015/1/7,3620.924,3643.79,3671.19,3601.698,32019123200,3.99E+11
2015/1/8,3650.073,3559.259,3659.945,3552.1,29500304500,3.56E+11
2015/1/9,3547.574,3546.723,3689.753,3536.395,34998267200,4.30E+11
2015/1/12,3531.515,3513.576,3560.527,3461.322,26656717500,3.34E+11
2015/1/13,3506.451,3514.04,3550.158,3494.768,18715396500,2.51E+11
2015/1/14,3522.907,3502.423,3547.242,3471.56,19601251000,2.41E+11
2015/1/15,3501.719,3604.121,3604.121,3482.27,23781233800,3.03E+11
2015/1/16,3616.248,3635.146,3662.158,3601.258,28268161400,3.56E+11
2015/1/19,3414.013,3355.155,3497.252,3330.981,32950527500,3.66E+11
2015/1/20,3336.793,3396.222,3419.204,3325.681,29784323200,3.82E+11
2015/1/21,3420.491,3548.885,3557.794,3409.43,33792821000,4.25E+11
2015/1/22,3551.052,3567.613,3576.756,3520.053,26885359900,3.45E+11
2015/1/23,3582.088,3571.732,3627.806,3548.626,28017217200,3.62E+11
2015/1/26,3580.118,3607.985,3611.617,3559.376,23976620300,3.10E+11
2015/1/27,3614.038,3574.931,3616.258,3510.017,28766917900,3.58E+11
2015/1/28,3547.239,3525.323,3583.312,3512.393,21622021400,2.79E+11
2015/1/29,3474.915,3481.798,3505.582,3453.901,21161886000,2.52E+11
2015/1/30,3496.885,3434.39,3514.217,3431.936,19647915700,2.37E+11
2015/2/2,3360.193,3353.96,3407.256,3347.085,19518369900,2.25E+11
2015/2/3,3388.602,3437.445,3441.709,3360.717,19284609600,2.41E+11
2015/2/4,3446.144,3401.768,3476.817,3399.565,19130434900,2.44E+11
2015/2/5,3487.951,3366.946,3487.951,3366.862,25043060900,3.12E+11
2015/2/6,3352.33,3312.42,3374.051,3285.935,19266418600,2.21E+11
2015/2/9,3305.734,3345.921,3376.526,3298.597,17235382000,2.21E+11
2015/2/10,3345.077,3406.943,3407.18,3339.548,15930908800,1.99E+11
2015/2/11,3415.977,3434.124,3445.655,3412.136,14461377200,1.86E+11
2015/2/12,3435.361,3442.874,3453.582,3405.627,15608169100,1.91E+11
2015/2/13,3458.827,3469.828,3509.505,3452.079,20108997100,2.47E+11
2015/2/16,3473.289,3499.483,3504.475,3466.607,16564134300,2.23E+11
2015/2/17,3511.544,3522.322,3536.82,3511.093,16532831300,2.14E+11
2015/2/25,3529.55,3478.729,3529.55,3463.955,16553935100,2.12E+11
2015/2/26,3473.713,3566.295,3569.33,3456.871,22932843800,2.80E+11
2015/2/27,3565.233,3572.843,3594.813,3560.455,22278643800,2.72E+11
2015/3/2,3603.452,3601.265,3608.691,3566.527,24817612500,3.25E+11
2015/3/3,3579.315,3507.9,3579.315,3504.201,26186648900,3.36E+11
2015/3/4,3514.667,3530.822,3540.912,3497.172,19966398100,2.57E+11
2015/3/5,3513.249,3496.344,3517.083,3467.676,21750880500,2.79E+11
2015/3/6,3501.184,3478.52,3516.243,3472.392,18151805400,2.33E+11
2015/3/9,3449.696,3537.75,3546.705,3417.486,23394041100,2.78E+11
2015/3/10,3523.64,3520.611,3551.205,3511.985,19426765700,2.45E+11
2015/3/11,3524.575,3524.653,3568.916,3512.218,18894782500,2.36E+11
2015/3/12,3557.686,3592.844,3603.341,3536.534,26566462500,3.22E+11
2015/3/13,3604.671,3617.657,3641.392,3594.742,24686476800,2.97E+11
2015/3/16,3641.773,3705.671,3705.739,3621.119,27543830700,3.58E+11
2015/3/17,3733.961,3757.122,3762.575,3716.809,37162566600,4.55E+11
2015/3/18,3769.086,3846.055,3846.055,3763.848,41519001100,4.84E+11
2015/3/19,3851.249,3839.739,3859.126,3809.706,39154763000,4.63E+11
2015/3/20,3852.492,3892.574,3916.863,3832.416,40181755200,5.44E+11
2015/3/23,3923.083,3972.061,3972.296,3922.21,39111992200,5.20E+11
2015/3/24,3980.066,3973.046,3989.858,3883.782,46858131200,5.91E+11
2015/3/25,3961.578,3940.412,3980.716,3913.988,37996885100,5.02E+11
2015/3/26,3921.745,3949.999,3991.997,3892.878,34675631500,4.69E+11
2015/3/27,3957.542,3971.697,3993.032,3932.87,29875606400,3.93E+11
2015/3/30,3999.024,4088.178,4101.651,3999.024,42829702000,5.46E+11
2015/3/31,4138.885,4051.204,4166.018,4037.771,43606563500,5.98E+11
2015/4/1,4057.501,4123.895,4139.499,4046.939,32951285300,4.67E+11
2015/4/2,4149.946,4124.776,4156.842,4068.649,33907048700,4.77E+11
2015/4/3,4104.672,4170.538,4170.558,4092.383,32130376600,4.67E+11
2015/4/7,4213.894,4260.044,4260.471,4197.019,41536265400,5.65E+11
2015/4/8,4277.45,4295.803,4304.78,4204.826,45867671500,6.58E+11
2015/4/9,4316.958,4262.138,4332.166,4212.611,43969990200,6.50E+11
2015/4/10,4249.383,4344.416,4351.687,4231.196,34819017000,5.09E+11
2015/4/13,4394.047,4421.073,4432.024,4361.589,43415303600,5.99E+11
2015/4/14,4432.126,4438.184,4474.353,4385.908,43443212600,6.02E+11
2015/4/15,4439.314,4380.513,4475.997,4379.609,47215413100,5.97E+11
2015/4/16,4355.491,4513.546,4513.765,4335.63,42260374800,5.65E+11
2015/4/17,4578.679,4596.136,4630.27,4553.904,55280266300,7.34E+11
2015/4/20,4615.034,4521.919,4671.168,4492.6,68643907500,9.39E+11
2015/4/21,4520.461,4619.164,4620.058,4504.558,49031499100,6.85E+11
2015/4/22,4637.055,4739.814,4740.933,4632.589,51621379200,7.70E+11
2015/4/23,4764.481,4740.892,4782.044,4693.967,49743095400,7.52E+11
2015/4/24,4682.626,4702.641,4730.43,4618.318,48015293600,7.21E+11
2015/4/27,4753.871,4807.592,4810.485,4735.31,51307654800,7.66E+11
2015/4/28,4811.319,4741.861,4839.078,4703.567,60863854500,8.60E+11
2015/4/29,4722.903,4774.326,4797.927,4695.793,39505698000,6.02E+11
2015/4/30,4788.412,4749.886,4818.725,4749.485,39972744400,6.13E+11
2015/5/4,4757.637,4787.741,4795.915,4699.398,37784385300,5.65E+11
2015/5/5,4785.192,4596.837,4785.192,4572.983,46041962600,6.60E+11
2015/5/6,4626.231,4553.327,4700.909,4511.761,37607370200,5.86E+11
2015/5/7,4520.818,4470.089,4546.338,4467.459,29775920300,4.27E+11
2015/5/8,4515.554,4558.404,4559.058,4445.592,30240796700,4.52E+11
2015/5/11,4582.091,4690.532,4690.954,4535.149,37383842000,5.83E+11
2015/5/12,4692.122,4747.421,4748.004,4660.016,37705389100,6.07E+11
2015/5/13,4746.713,4718.436,4758.002,4678.845,37073042400,5.90E+11
2015/5/14,4717.955,4700.778,4735.284,4670.168,33772515200,5.13E+11
2015/5/15,4690.755,4617.47,4690.755,4592.05,32843116600,5.07E+11
2015/5/18,4582.058,4575.14,4623.383,4565.061,26918048900,4.34E+11
2015/5/19,4577.637,4731.222,4740.005,4577.637,31478595200,5.24E+11
2015/5/20,4751.572,4754.919,4843.1,4745.21,36318074800,5.90E+11
2015/5/21,4768.689,4840.976,4841.615,4746.029,30505453700,5.05E+11
2015/5/22,4895.925,4951.335,4951.991,4870.598,45584671800,7.19E+11
2015/5/25,4949.11,5099.495,5099.839,4949.11,46573659000,7.57E+11
2015/5/26,5140.798,5198.918,5199.295,5063.146,48794935900,8.02E+11
2015/5/27,5216.17,5181.434,5226.844,5126.861,47079873000,7.78E+11
2015/5/28,5174.101,4834.007,5213.183,4831.329,57182904700,8.73E+11
2015/5/29,4839.53,4840.829,4924.303,4665.521,42787885900,6.36E+11
2015/6/1,4862.756,5076.179,5079.319,4835.774,41750374100,6.38E+11
2015/6/2,5091.272,5161.87,5162.556,5047.081,41297319600,6.58E+11
2015/6/3,5176.597,5143.59,5186.967,5059.495,41425827000,6.72E+11
2015/6/4,5156.012,5181.416,5194.233,4863.465,48276726800,7.35E+11
2015/6/5,5254.905,5230.552,5288.34,5104.178,54596119600,8.55E+11
2015/6/8,5259.408,5353.751,5370.609,5202.595,63731323700,9.49E+11
2015/6/9,5379.47,5317.461,5380.426,5251.208,57042726300,8.71E+11
2015/6/10,5254.304,5309.112,5374.83,5209.68,44216567600,7.12E+11
2015/6/11,5305.141,5306.59,5329.295,5248.163,39233875500,6.61E+11
2015/6/12,5329.278,5335.115,5351.648,5283.086,43013138600,6.94E+11
2015/6/15,5354.014,5221.167,5362.452,5207.308,47574570300,7.66E+11
2015/6/16,5165.025,5064.821,5204.303,5015.265,41167563800,6.52E+11
2015/6/17,5072.306,5138.831,5158.367,4949.293,39712418700,5.90E+11
2015/6/18,5107.695,4930.549,5121.218,4926.429,36439581400,5.56E+11
2015/6/19,4847.057,4637.052,4910.45,4634.691,35810474400,5.20E+11
2015/6/23,4641.425,4786.091,4786.955,4455.33,36508794400,5.37E+11
2015/6/24,4811.595,4880.126,4883.732,4744.306,43463872300,6.15E+11
2015/6/25,4906.242,4706.516,4919.263,4667.224,44613598200,6.40E+11
2015/6/26,4573.872,4336.195,4650.186,4278.675,44663979000,6.13E+11
2015/6/29,4446.842,4191.549,4451.166,4000.926,52566248200,7.04E+11
2015/6/30,4161.067,4472.998,4475.767,4016.013,52704528000,7.16E+11
2015/7/1,4408.984,4253.021,4526.127,4235.696,43172141100,6.23E+11
2015/7/2,4287.734,4107.996,4312.19,4000.061,45706219400,5.94E+11
2015/7/3,4017.202,3885.917,4164.629,3785.902,42930085000,5.38E+11
2015/7/6,4218.266,3998.537,4218.266,3832.468,64809453000,7.80E+11
2015/7/7,3877.854,3928.003,3960.636,3743.624,67938500700,7.96E+11
2015/7/8,3651.06,3663.038,3762.622,3612.254,58146709700,6.40E+11
2015/7/9,3621.68,3897.626,3930.264,3537.826,50387061000,5.65E+11
2015/7/10,3916.272,4106.556,4179.111,3887.551,50070180200,6.29E+11
2015/7/13,4132.231,4211.812,4278.161,4072.43,50209218600,6.59E+11
2015/7/14,4178.63,4112.149,4258.513,4062.5,45442200900,5.98E+11
2015/7/15,4068.88,3966.759,4114.243,3899.508,42195636700,5.14E+11
2015/7/16,3949.639,3997.356,4067.022,3856.321,33053134500,4.10E+11
2015/7/17,4023.757,4151.496,4190.186,4000.231,33110713100,4.36E+11
2015/7/20,4157.06,4160.612,4221.693,4106.389,35267347200,4.83E+11
2015/7/21,4109.761,4166.006,4201.482,4081.704,31837494500,4.32E+11
2015/7/22,4148.56,4157.16,4187.431,4094.712,31894599700,4.42E+11
2015/7/23,4158.932,4250.805,4262.062,4148.824,35447175900,4.84E+11
2015/7/24,4255.198,4176.279,4299.65,4154.617,39204537300,5.36E+11
2015/7/27,4097.796,3818.731,4156.313,3817.169,36505451100,4.78E+11
2015/7/28,3690.974,3811.093,3883.446,3627.421,38352721600,4.83E+11
2015/7/29,3839.959,3930.379,3934.003,3769.189,27697284500,3.72E+11
2015/7/30,3915.78,3815.412,3968.534,3802.882,27154866500,3.76E+11
2015/7/31,3777.155,3816.699,3863.624,3757.989,22237676700,2.99E+11
2015/8/3,3766.072,3829.235,3829.235,3742.578,24580503000,3.10E+11
2015/8/4,3827.373,3948.155,3948.449,3801.028,22023655600,2.89E+11
2015/8/5,3937.623,3866.9,3962.277,3858.66,20048426900,2.73E+11
2015/8/6,3802.928,3831.852,3888.693,3793.237,14727869400,1.96E+11
2015/8/7,3866.43,3906.945,3926.649,3857.908,18334915300,2.47E+11
2015/8/10,3947.472,4084.365,4101.731,3932.842,30678054000,4.02E+11
2015/8/11,4083.589,4066.669,4110.133,4042.004,32203419100,4.17E+11
2015/8/12,4025.674,4016.126,4078.03,4015.355,25514619600,3.40E+11
2015/8/13,4010.013,4075.463,4075.7,3967.821,24283697900,3.20E+11
2015/8/14,4097.918,4073.54,4113.159,4056.727,25339299600,3.40E+11
2015/8/17,4058.113,4077.872,4081.772,4009.99,25693963800,3.37E+11
2015/8/18,4084.311,3825.412,4103.054,3816.554,31988107000,4.25E+11
2015/8/19,3748.266,3886.136,3898.74,3668.192,26904983900,3.41E+11
2015/8/20,3848.403,3761.454,3880.824,3761.454,21216796500,2.71E+11
2015/8/21,3714.289,3589.536,3757.779,3578.175,21798640300,2.67E+11
2015/8/24,3454.598,3275.534,3468.149,3266.55,25543665200,2.73E+11
2015/8/25,3070.007,3042.927,3200.108,3019.556,27608130600,2.81E+11
2015/8/26,3062.566,3025.692,3192.932,2952.008,30827062300,3.12E+11
2015/8/27,3092.812,3205.638,3206.724,3028.398,26729493000,2.79E+11
2015/8/28,3246.236,3342.286,3353.244,3223.622,29949842600,3.19E+11
2015/8/31,3307.396,3366.536,3368.279,3205.537,28025040300,3.07E+11
2015/9/1,3296.529,3362.083,3370.504,3190.578,35245852800,3.51E+11
2015/9/2,3220.851,3365.832,3387.02,3213.637,34778941200,3.49E+11
2015/9/7,3347.293,3250.485,3422.225,3240.243,20422443100,2.22E+11
2015/9/8,3221.789,3334.023,3340.219,3170.807,15459963100,1.68E+11
2015/9/9,3344.824,3399.305,3426.651,3330.29,22046742100,2.59E+11
2015/9/10,3349.281,3357.561,3398.316,3337.311,14488297100,1.68E+11
2015/9/11,3349.877,3347.188,3383.134,3315.478,10854750800,1.30E+11
2015/9/14,3367.642,3281.132,3373.921,3187.566,20545725100,2.26E+11
2015/9/15,3208.744,3152.232,3240.079,3131.98,14355564100,1.46E+11
2015/9/16,3149.158,3309.248,3345.918,3131.37,15970999400,1.68E+11
2015/9/17,3287.657,3236.999,3354.905,3236.999,16940188100,1.90E+11
2015/9/18,3254.443,3251.273,3280.877,3227.834,10690348100,1.22E+11
2015/9/21,3222.603,3308.247,3312.55,3211.934,12278866800,1.45E+11
2015/9/22,3312.366,3339.03,3371.414,3303.184,14622198500,1.72E+11
2015/9/23,3290.071,3263.028,3315.935,3253.333,12317143900,1.37E+11
2015/9/24,3278.896,3284.999,3300.857,3255.902,10201123800,1.21E+11
2015/9/25,3272.665,3231.951,3290.858,3201.914,12141927800,1.38E+11
2015/9/28,3226.607,3242.752,3246.554,3186.507,7421946800,88007466971
2015/9/29,3197.221,3178.854,3208.417,3159.042,8715063300,96691510035
2015/9/30,3195.901,3202.948,3223.908,3186.767,7855934900,95881598729
2015/10/8,3324.981,3296.482,3337.331,3294.605,13208176800,1.64E+11
2015/10/9,3302.36,3340.116,3352.379,3293.965,12435250000,1.45E+11
2015/10/12,3351.139,3447.693,3486.631,3347.251,22140046800,2.64E+11
2015/10/13,3422.477,3445.043,3452.045,3413.967,14543378600,1.75E+11
2015/10/14,3431.135,3406.112,3458.702,3403.231,15217393800,1.75E+11
2015/10/15,3403.389,3486.815,3486.815,3402.316,17115829900,2.02E+11
2015/10/16,3508.518,3534.065,3537.539,3487.104,20896470900,2.52E+11
2015/10/19,3548.953,3534.182,3572.995,3502.505,20760674400,2.55E+11
2015/10/20,3527.875,3577.703,3577.798,3510.437,17902510800,2.27E+11
2015/10/21,3580.838,3473.254,3601.243,3417.412,28207605000,3.27E+11
2015/10/22,3453.201,3524.534,3530.766,3442.307,18430558000,2.24E+11
2015/10/23,3536.843,3571.241,3581.836,3515.822,19829447800,2.47E+11
2015/10/26,3614.702,3589.261,3620.756,3561.192,20424886300,2.70E+11
2015/10/27,3569.449,3592.879,3601.053,3486.102,19205614000,2.39E+11
2015/10/28,3575.805,3524.92,3598.172,3517.21,17097709800,2.13E+11
2015/10/29,3539.978,3533.307,3561.814,3507.966,12701044600,1.61E+11
2015/10/30,3530.223,3534.079,3574.473,3497.568,13914191400,1.83E+11
2015/11/2,3489.225,3475.962,3543.45,3474.712,13000256800,1.67E+11
2015/11/3,3484.722,3465.493,3501.704,3452.62,10140187600,1.32E+11
2015/11/4,3477.159,3628.538,3628.538,3477.159,20542386500,2.67E+11
2015/11/5,3630.782,3705.97,3781.409,3627.301,39804656800,4.95E+11
2015/11/6,3698.342,3793.374,3801.705,3694.657,29875307600,3.90E+11
2015/11/9,3796.379,3840.355,3891.773,3796.379,35680482300,4.63E+11
2015/11/10,3806.669,3833.238,3876.49,3798.821,28651960300,3.81E+11
2015/11/11,3828.448,3833.646,3843.112,3781.41,23223429600,3.07E+11
2015/11/12,3841.738,3795.324,3843.9,3771.274,21753764700,3.02E+11
2015/11/13,3756.204,3746.242,3793.713,3727.585,20348989100,2.82E+11
2015/11/16,3682.735,3764.126,3764.409,3680.073,16169090100,2.27E+11
2015/11/17,3790.426,3758.387,3852.774,3750.157,24853307100,3.65E+11
2015/11/18,3760.456,3715.58,3771.847,3706.31,18568949500,2.54E+11
2015/11/19,3725.622,3774.969,3775.232,3714.675,15463198900,2.05E+11
2015/11/20,3778.884,3774.383,3793.545,3757.026,18695168900,2.42E+11
2015/11/23,3774.436,3753.335,3802.851,3743.405,17562681200,2.35E+11
2015/11/24,3745.761,3753.889,3754.169,3702.737,14338328300,1.92E+11
2015/11/25,3747.759,3781.607,3781.857,3735.716,15194494100,2.15E+11
2015/11/26,3795.245,3759.429,3805.844,3756.823,17352546800,2.40E+11
2015/11/27,3739.096,3556.992,3742.742,3534.39,20893935800,2.70E+11
2015/11/30,3554.89,3566.412,3587.97,3455.068,17320116300,2.20E+11
2015/12/1,3562.319,3591.696,3617.305,3536.116,13653655400,1.77E+11
2015/12/2,3587.758,3721.955,3725.854,3573.403,21353886500,2.61E+11
2015/12/3,3709.547,3749.299,3758.446,3693.137,19776212600,2.37E+11
2015/12/4,3719.734,3677.592,3726.124,3667.291,15119952200,1.96E+11
2015/12/7,3681.582,3687.607,3699.337,3658.578,11388315000,1.61E+11
2015/12/8,3668.839,3623.02,3668.839,3619.445,12578108300,1.63E+11
2015/12/9,3613.42,3635.938,3655.159,3611.49,11332542200,1.54E+11
2015/12/10,3634.366,3623.084,3678.318,3615.991,12021562500,1.69E+11
2015/12/11,3605.372,3608.059,3630.744,3578.146,11032248100,1.45E+11
2015/12/14,3573.884,3711.322,3712.503,3570.998,15176911900,2.03E+11
2015/12/15,3707.73,3694.389,3717.357,3679.23,12648171000,1.87E+11
2015/12/16,3703.95,3685.44,3713.09,3677.45,11134272300,1.60E+11
2015/12/17,3712.783,3755.888,3768.844,3709.851,17792407500,2.43E+11
2015/12/18,3754.96,3767.913,3810.218,3750.925,17346598000,2.32E+11
2015/12/21,3762.097,3865.965,3877.82,3759.989,21743527500,2.90E+11
2015/12/22,3872.098,3876.733,3880.468,3841.593,18030366100,2.44E+11
2015/12/23,3877.872,3866.381,3926.686,3862.965,20701714700,2.95E+11
2015/12/24,3858.135,3829.402,3867.679,3787.084,14718139700,2.04E+11
2015/12/25,3832.085,3838.201,3848.025,3813.204,11962401300,1.63E+11
2015/12/28,3847.532,3727.632,3853.389,3727.632,15398844000,2.10E+11
2015/12/29,3723.05,3761.875,3762.052,3710.48,10188555500,1.40E+11
2015/12/30,3762.914,3765.175,3765.657,3726.278,10562995500,1.56E+11
2015/12/31,3760.904,3731.005,3772.617,3727.325,10187355600,1.45E+11
2016/1/1,3760.904,3731.005,3772.617,3727.325,10187355600,1.45E+11
